Project,Latest Tag ID,year,date
abdera,abdera-0.4.0-incubating,2008,2008-12-04
abdera,abdera-1.0,2009,2009-01-24
abdera,abdera-1.1,2010,2010-12-05
abdera,abdera-1.1.3-RC1,2011,2011-10-16
abdera,abdera-1.1.3-RC2,2012,2012-12-21
accumulo,1.4.2,2012,2012-11-15
accumulo,1.6.1,2014,2014-09-19
accumulo,1.4.4,2013,2013-08-15
accumulo,1.6.4,2015,2015-09-28
accumulo,rel/2.0.1,2020,2020-12-21
accumulo,rel/2.1.0,2022,2022-10-27
accumulo,rel/1.10.3,2023,2023-04-07
accumulo,rel/1.6.6,2016,2016-09-15
accumulo,rel/1.7.3,2017,2017-03-10
accumulo,rel/2.0.0-alpha-1,2018,2018-10-11
accumulo,rel/2.0.0,2019,2019-07-29
activemq,activemq-5.0.0,2007,2007-12-07
activemq,activemq-parent-5.2,2008,2008-09-08
activemq,activemq-5.10.0,2014,2014-06-05
activemq,activemq-5.13.0,2015,2015-11-30
activemq,activemq-5.14.3,2016,2016-12-19
activemq,activemq-5.15.2,2017,2017-10-17
activemq,activemq-5.15.11,2019,2019-11-20
activemq,activemq-5.15.14,2020,2020-12-02
activemq,activemq-5.16.3,2021,2021-08-10
activemq,activemq-5.15.8,2018,2018-11-14
activemq,activemq-5.17.3,2022,2022-11-29
activemq,activemq-5.18.1,2023,2023-04-10
activemq,activemq-5.3.0,2009,2009-10-23
activemq,activemq-5.4.2,2010,2010-11-26
activemq,activemq-5.4.3,2011,2011-10-12
activemq,activemq-5.7.0,2012,2012-10-02
activemq,activemq-5.9.0,2013,2013-10-14
airavata,airavata-0.11,2013,2013-12-26
airavata,airavata-0.5,2012,2012-11-02
airavata,airavata-0.14,2014,2014-12-29
airavata,airavata-0.15,2015,2015-12-04
airavata,airavata-0.16,2016,2016-07-13
airavata,airavata-0.17,2019,2019-03-21
airavata,airavata-0.19,2020,2020-09-05
ambari,release-2.2.0,2015,2015-12-15
ambari,release-2.4.2,2016,2016-11-18
ambari,Ambari-1.7.0,2014,2014-11-24
ambari,apache/release-0.9.0-rc3,2012,2012-09-07
ambari,release-1.4.2-rc0,2013,2013-12-19
ambari,release-2.6.1,2017,2017-12-12
ambari,release-2.7.3,2018,2018-11-13
ambari,release-2.7.5,2019,2019-12-13
ambari,release-2.7.6,2021,2021-11-11
ambari,release-2.7.7-rc0,2022,2022-11-23
ambari,release-2.8.0-rc1,2023,2023-04-08
ant,ANT_1.10.0_RC1,2016,2016-12-27
ant,ANT_1.10.12_RC2,2021,2021-10-13
ant,ANT_1.10.1_RC1,2017,2017-02-02
ant,ANT_1.10.5_RC1,2018,2018-07-10
ant,ANT_1.10.7_RC1,2019,2019-09-01
ant,ANT_1.10.9_RC1,2020,2020-09-27
ant,ANT_12,2000,2000-10-24
ant,ANT_141,2001,2001-10-11
ant,ANT_151_FINAL,2002,2002-10-02
ant,ANT_160,2003,2003-12-18
ant,ANT_162,2004,2004-07-16
ant,ANT_165,2005,2005-06-02
ant,ANT_170,2007,2007-10-29
ant,ANT_170_B1,2008,2008-03-18
ant,ANT_170_RC1,2006,2006-11-05
ant,ANT_171,2009,2009-01-15
ant,ANT_182,2010,2010-12-20
ant,ANT_184,2012,2012-05-22
ant,ANT_193,2013,2013-12-23
ant,ANT_194,2014,2014-04-30
ant,ANT_196,2015,2015-06-29
ant-antlibs-antunit,1.1,2008,2008-09-19
ant-antlibs-antunit,1.2,2011,2011-08-13
ant-antlibs-antunit,1.3,2014,2014-05-14
ant-antlibs-antunit,10,2006,2006-12-30
ant-antlibs-antunit,1_4_1_RC1,2021,2021-07-03
ant-antlibs-antunit,1_4_RC3,2018,2018-06-22
ant-antlibs-compress,1_0,2010,2010-08-23
ant-antlibs-compress,1_1,2011,2011-11-05
ant-antlibs-compress,1_2,2012,2012-04-20
ant-antlibs-compress,1_3,2013,2013-11-07
ant-antlibs-compress,1_4,2014,2014-01-29
ant-antlibs-compress,1_5_RC3,2017,2017-06-08
ant-antlibs-dotnet,10,2006,2006-10-30
ant-antlibs-dotnet,1_1,2011,2011-01-28
ant-antlibs-dotnet,preview_20041022,2005,2005-11-23
ant-ivy,2.0.0-beta1,2007,2007-12-09
ant-ivy,2.1.0,2009,2009-09-25
ant-ivy,2.0.0-rc2,2008,2008-11-04
ant-ivy,2.2.0,2010,2010-09-23
ant-ivy,2.3.0,2013,2013-01-21
ant-ivy,2.3.0-rc2,2012,2012-11-05
ant-ivy,2.4.0,2014,2014-12-13
ant-ivy,2.5.0-rc1,2018,2018-04-11
ant-ivy,2.5.0_Vote_RC1,2019,2019-10-20
ant-ivy,rel/2.5.1,2022,2022-11-01
ant-ivyde,1.2.0,2007,2007-12-02
ant-ivyde,2.0.0.beta1,2008,2008-12-08
ant-ivyde,2.0.0.final-200907011148-RELEASE,2009,2009-07-09
ant-ivyde,2.1.0,2010,2010-08-11
ant-ivyde,2.2.0.beta1,2012,2012-03-28
ant-ivyde,2.2.0.final,2013,2013-11-09
ant-ivyde,2.3.0-rc1,2018,2018-06-25
any23,any23-0.1-snapshot,2012,2012-09-11
any23,any23-0.9.0,2013,2013-10-28
any23,any23-1.1,2014,2014-10-16
any23,any23-2.1,2017,2017-09-15
any23,any23-2.2,2018,2018-03-01
any23,any23-2.3,2019,2019-02-11
any23,any23-2.4,2020,2020-09-20
any23,any23-2.5,2021,2021-08-27
any23,any23-2.7,2022,2022-02-21
apex-core,v3.2.0-incubating,2015,2015-10-23
apex-core,v3.5.0,2016,2016-12-06
apex-core,v3.6.0,2017,2017-05-01
apex-core,v3.7.0,2018,2018-04-14
archiva,archiva-1.2-M1,2008,2008-11-07
archiva,archiva-1.2.2,2009,2009-08-27
archiva,archiva-1.3.3,2010,2010-12-15
archiva,archiva-1.4-M2,2011,2011-12-16
archiva,archiva-1.4-M4,2013,2013-05-27
archiva,archiva-2.1.1,2014,2014-09-01
archiva,archiva-1.4-M3,2012,2012-10-03
archiva,archiva-2.2.0,2015,2015-02-24
archiva,without_jdo,2016,2016-12-30
archiva,archiva-2.2.10,2023,2023-03-16
archiva,archiva-2.2.3,2017,2017-05-12
archiva,archiva-2.2.4,2019,2019-04-23
archiva,archiva-2.2.5,2020,2020-06-14
archiva,archiva-2.2.7,2021,2021-12-19
archiva,archiva-2.2.9,2022,2022-10-04
aries,org.apache.aries.jndi-0.3.1,2011,2011-12-22
aries,org.apache.aries.blueprint.core-1.0.1,2012,2012-09-25
aries,org.apache.aries.jpa.container-1.0.3,2015,2015-12-16
aries,blueprint-maven-plugin-1.0.0,2014,2014-11-10
aries,org.apache.aries.proxy-1.1.3,2018,2018-12-08
aries,org.apache.aries.proxy.impl-1.0.6,2016,2016-12-19
aries,org.apache.aries.jmx.blueprint.api-1.2,2017,2017-12-29
aries,blueprint-parser-1.2.0,2013,2013-12-17
aries,org.apache.aries.proxy-1.1.11,2021,2021-07-26
aries,org.apache.aries.proxy-1.1.6,2019,2019-09-16
aries,spifly-1.3.6,2022,2022-12-11
aries,spifly-1.3.2,2020,2020-10-15
avro,release-1.4.1,2010,2010-10-14
avro,release-1.10.1,2020,2020-11-17
avro,release-1.11.0,2021,2021-10-20
avro,release-1.11.1,2022,2022-07-26
avro,release-1.6.1,2011,2011-11-15
avro,release-1.7.3,2012,2012-12-07
avro,release-1.7.5,2013,2013-08-19
avro,release-1.7.7,2014,2014-07-24
avro,release-1.8.2-rc1,2016,2016-11-06
avro,release-1.8.0-rc1,2015,2015-12-16
avro,release-1.8.2,2017,2017-04-14
avro,release-1.9.1,2019,2019-08-28
axis-axis2-java-core,v1.5.4,2010,2010-12-19
axis-axis2-java-core,v1.5.6,2011,2011-08-30
axis-axis2-java-core,v1.6.2,2012,2012-04-17
axis-axis2-java-core,v1.6.4,2015,2015-12-28
axis-axis2-java-core,v1.7.4,2016,2016-10-21
axis-axis2-java-core,v1.7.7,2017,2017-11-20
axis-axis2-java-core,v1.7.9,2018,2018-11-15
axis-axis2-java-core,v1.8.0,2021,2021-08-01
axis-axis2-java-core,v1.8.2,2022,2022-07-13
beam,v0.4.0,2016,2016-12-29
beam,v2.27.0-RC1,2020,2020-12-22
beam,v2.17.0,2019,2019-12-16
beam,sdks/v2.35.0,2021,2021-12-23
beam,jupyterlab-sidepanel-v3.0.0,2022,2022-10-04
beam,v2.2.0,2017,2017-11-16
beam,v0.3.20141216,2014,2014-12-16
beam,v1.3.0,2015,2015-12-02
beam,v2.9.0,2018,2018-12-05
bigtop,rel/1.1.0,2016,2016-01-30
bigtop,release-1.2.1,2017,2017-11-12
bigtop,release-1.3.0,2018,2018-11-27
bigtop,rel/1.5.0,2020,2020-12-07
bigtop,rel/3.0.0,2021,2021-10-15
bigtop,rel/3.1.1,2022,2022-07-23
bigtop,rel/3.2.0,2023,2023-01-16
bigtop,release-0.2.0-incubating-RC2,2011,2011-11-04
bigtop,release-0.5.0-RC0,2012,2012-12-10
bigtop,release-0.7.0,2013,2013-10-29
bigtop,release-0.8.0,2014,2014-09-27
bigtop,release-1.0.0,2015,2015-08-07
bigtop,release-1.4.0,2019,2019-06-16
bookkeeper,release-4.0.0,2011,2011-12-02
bookkeeper,release-4.1.0,2012,2012-06-07
bookkeeper,release-4.10.0,2019,2019-10-31
bookkeeper,release-4.12.1,2020,2020-12-28
bookkeeper,release-4.14.4,2021,2021-12-22
bookkeeper,release-4.14.6,2022,2022-12-19
bookkeeper,release-4.16.1,2023,2023-04-15
bookkeeper,release-4.2.2,2013,2013-10-02
bookkeeper,release-4.2.4,2014,2014-12-19
bookkeeper,release-4.3.2,2015,2015-11-17
bookkeeper,release-4.4.0,2016,2016-05-05
bookkeeper,release-4.6.0,2017,2017-12-26
bookkeeper,release-4.7.3,2018,2018-12-05
brooklyn,apache-brooklyn-0.8.0-incubating,2015,2015-09-01
brooklyn,rel/apache-brooklyn-0.10.0,2016,2016-12-21
brooklyn,rel/apache-brooklyn-1.0.0,2020,2020-02-18
brooklyn,rel/apache-brooklyn-0.12.0,2017,2017-09-18
brooklyn,rel/apache-brooklyn-1.0.0-M1,2018,2018-09-11
bval,0.5,2012,2012-09-17
bval,1.1.0,2015,2015-06-05
bval,1.1.2,2016,2016-10-28
bval,2.0.0-rc2,2018,2018-10-23
bval,2.0.3,2019,2019-08-12
bval,2.0.5,2020,2020-10-20
bval,2.0.6,2022,2022-06-08
calcite,calcite-1.15.0,2017,2017-12-05
calcite,calcite-1.18.0,2018,2018-12-18
calcite,calcite-0.9.2-incubating,2014,2014-11-05
calcite,calcite-1.5.0,2015,2015-11-06
calcite,calcite-avatica-1.9.0,2016,2016-10-26
calcite,calcite-1.21.0,2019,2019-09-06
calcite,calcite-1.26.0,2020,2020-10-03
calcite,calcite-1.29.0,2021,2021-12-20
calcite,calcite-1.32.0,2022,2022-09-07
calcite,calcite-1.34.0,2023,2023-03-10
calcite,optiq-parent-0.4.16,2013,2013-11-24
camel,camel-2.1.0,2009,2009-12-01
camel,camel-1.6.4,2010,2010-12-12
camel,camel-2.10.3,2012,2012-12-03
camel,camel-2.12.2,2013,2013-11-22
camel,camel-2.14.1,2014,2014-12-10
camel,camel-2.15.5,2015,2015-11-23
camel,camel-2.16.5,2016,2016-12-16
camel,camel-2.20.1,2017,2017-11-10
camel,camel-2.23.0,2018,2018-11-24
camel,camel-2.24.3,2019,2019-12-19
camel,camel-2.25.3,2020,2020-12-20
camel,camel-3.11.5,2021,2021-12-23
camel,camel-2.9.0,2011,2011-12-27
camel,camel-3.20.0,2022,2022-12-16
camel,camel-4.0.0-M3,2023,2023-04-28
carbondata,apache-CarbonData-1.6.1-rc1,2019,2019-10-07
carbondata,apache-carbondata-0.2.0-incubating,2016,2016-11-09
carbondata,apache-carbondata-1.2.0,2017,2017-09-22
carbondata,apache-carbondata-2.3.0-rc2,2022,2022-01-19
carbondata,apache-carbondata-1.5.1,2018,2018-11-30
carbondata,apache-carbondata-2.1.0-rc2,2020,2020-11-03
carbondata,apache-carbondata-2.3.0-rc1,2021,2021-12-20
cassandra,3.0.29-tentative,2023,2023-05-05
cassandra,cassandra-0.7.0-rc3,2010,2010-12-25
cassandra,cassandra-0.8.9,2011,2011-12-14
cassandra,cassandra-1.2.0,2012,2012-12-29
cassandra,cassandra-2.0.4,2013,2013-12-27
cassandra,cassandra-2.1.2,2014,2014-11-05
cassandra,cassandra-3.0.2,2015,2015-12-15
cassandra,cassandra-3.0.10,2016,2016-11-11
cassandra,cassandra-3.11.1,2017,2017-10-02
cassandra,cassandra-3.0.17,2018,2018-07-16
cassandra,cassandra-2.2.15,2019,2019-10-24
cassandra,cassandra-4.0-beta4,2020,2020-12-18
cassandra,cassandra-4.0.1,2021,2021-08-30
cassandra,cassandra-4.1.0,2022,2022-12-07
cayenne,3.1M1,2010,2010-11-14
cayenne,3.1M3,2011,2011-09-26
cayenne,3.0RC1,2009,2009-12-27
cayenne,3.0M2,2007,2007-10-28
cayenne,3.0M5,2008,2008-12-07
cayenne,3.1.2,2017,2017-11-13
cayenne,4.0.1,2018,2018-12-20
cayenne,3.1B1,2012,2012-05-28
cayenne,cayenne-parent-3.2M1,2013,2013-07-07
cayenne,4.1.RC2,2019,2019-10-25
cayenne,4.0.3,2023,2023-02-14
cayenne,4.0.M2,2015,2015-02-26
cayenne,4.0.M4,2016,2016-12-06
cayenne,4.2.M2,2020,2020-10-06
cayenne,4.1.1,2021,2021-12-20
cayenne,4.2.RC2,2022,2022-12-01
cayenne,cayenne-parent-3.1,2014,2014-09-20
chainsaw,PRE_CHAINSAW_MODEL_CONVERSION,2003,2003-09-03
chainsaw,PRE_UGLI_MOVE,2004,2004-12-28
chainsaw,TAG_CHAINSAW2_MOVE,2005,2005-02-21
chainsaw,release_20060302,2006,2006-03-02
chainsaw,v1_2_6,2002,2002-07-31
chainsaw,v1_2_alpha0,2001,2001-04-14
chainsaw,v_1_0,2000,2000-12-14
chemistry-opencmis,chemistry-opencmis-0.6.0,2011,2011-12-12
chemistry-opencmis,chemistry-opencmis-0.10.0,2013,2013-08-19
chemistry-opencmis,chemistry-opencmis-0.12.0,2014,2014-08-22
chemistry-opencmis,chemistry-opencmis-0.13.0,2015,2015-04-06
chemistry-opencmis,chemistry-opencmis-1.0.0,2016,2016-09-08
chemistry-opencmis,chemistry-opencmis-0.8.0,2012,2012-10-20
chemistry-opencmis,chemistry-opencmis-1.1.0,2017,2017-04-05
chukwa,chukwa-0.7.0,2015,2015-12-21
chukwa,chukwa-0.1.2-rc2,2013,2013-11-02
chukwa,chukwa-0.6.0,2014,2014-11-22
chukwa,chukwa-0.8.0,2016,2016-06-20
clerezza,201508-1,2015,2015-11-18
clerezza,201604,2016,2016-04-23
clerezza,jaxrs.rdf.providers-2.0.0,2020,2020-10-02
clerezza,release20130710-reactor-0.3,2013,2013-07-11
clerezza,clerezza-parent-8,2019,2019-11-04
clerezza,typehandlerspace-0.2,2014,2014-09-22
click,click-2.3.0-M1,2010,2010-11-22
click,clickide-2.3.0.0,2011,2011-03-29
cloudstack,2.1.6,2010,2010-11-22
cloudstack,acton-beta1-prerelease-1,2011,2011-12-07
cloudstack,4.0.0-incubating,2012,2012-10-08
cloudstack,4.2.1,2013,2013-12-16
cloudstack,4.9.3.0,2017,2017-08-28
cloudstack,4.11.2.0,2018,2018-11-13
cloudstack,4.13.0.0,2019,2019-08-28
cloudstack,4.14.0.0,2020,2020-05-11
cloudstack,4.16.0.0,2021,2021-11-04
cloudstack,4.17.2.0,2022,2022-12-14
cloudstack,4.18.0.0,2023,2023-03-11
cloudstack,4.3.2,2014,2014-12-15
cloudstack,4.6.2,2015,2015-12-13
cloudstack,4.8.2.0,2016,2016-12-10
cocoon,RELEASE_2_1_5_1,2004,2004-07-09
cocoon,RELEASE_2_1_10,2006,2006-12-21
cocoon,RELEASE_2_1_3,2003,2003-11-13
cocoon,RELEASE_2_1_8,2005,2005-11-17
cocoon,cocoon-rcl-spring-reloader,2007,2007-05-21
cocoon,cocoon-2.1,2020,2020-07-17
cocoon,cocoon-2.2,2019,2019-02-16
cocoon,cocoon-block-deployment,2009,2009-04-04
cocoon,cocoon-jnet,2011,2011-01-16
commons-bcel,BCEL_5_0,2011,2011-07-22
commons-bcel,BCEL_6_0,2016,2016-07-14
commons-bcel,BCEL_6_0_RC3,2014,2014-09-27
commons-bcel,BCEL_6_0_RC4,2015,2015-08-10
commons-bcel,BCEL_6_2,2017,2017-12-08
commons-bcel,commons-bcel-6.4.1-RC1,2019,2019-09-26
commons-bcel,commons-bcel-6.5.0-RC1,2020,2020-06-05
commons-bcel,commons-bcel-6.7.0-RC1,2022,2022-11-28
commons-beanutils,BEANUTILS_1_8_0_BETA,2007,2007-08-01
commons-beanutils,BEANUTILS_1_8_0,2008,2008-08-31
commons-beanutils,BEANUTILS_1_8_2,2009,2009-11-12
commons-beanutils,BEANUTILS_1_8_3,2010,2010-03-28
commons-beanutils,BEANUTILS_1_9_0,2013,2013-12-11
commons-beanutils,BEANUTILS_1_9_2,2014,2014-05-29
commons-beanutils,BEANUTILS_1_9_3,2016,2016-09-25
commons-beanutils,commons-beanutils-1.9.4,2019,2019-07-28
commons-bsf,bsf-2.4.0,2011,2011-08-17
commons-chain,CHAIN_1_0,2007,2007-07-29
commons-chain,CHAIN_1_2,2008,2008-06-01
commons-cli,CLI_1_0,2007,2007-07-29
commons-cli,cli-1.2,2010,2010-06-19
commons-cli,cli-1.2-RC7,2009,2009-03-16
commons-cli,cli-1.3.1,2015,2015-06-17
commons-cli,cli-1.4,2017,2017-03-13
commons-cli,commons-cli-1.5.0,2021,2021-10-23
commons-codec,1.10,2014,2014-11-10
commons-codec,1.7,2012,2012-09-14
commons-codec,1.9,2013,2013-12-24
commons-codec,CODEC_1_1,2007,2007-07-29
commons-codec,CODEC_1_4,2011,2011-12-07
commons-codec,CODEC_1_4_RC4,2009,2009-08-06
commons-codec,commons-codec-1.11,2017,2017-10-20
commons-codec,commons-codec-1.14,2019,2019-12-30
commons-codec,commons-codec-1.15-RC1,2020,2020-08-28
commons-codec,commons-codec-1.16-rc1,2022,2022-01-21
commons-collections,collections-0-01,2007,2007-07-29
commons-collections,collections-3.2.1,2011,2011-12-07
commons-collections,collections-3.2.1-RC1,2008,2008-04-11
commons-collections,collections-4.1,2015,2015-11-27
commons-collections,pre-generics-merge,2009,2009-09-15
commons-collections,collections-4.0,2013,2013-11-24
commons-collections,collections-4.3,2018,2018-12-26
commons-collections,commons-collections-4.4-RC1,2019,2019-07-05
commons-compress,COMPRESS-1.13-RC1,2016,2016-12-25
commons-compress,1.15-RC1,2017,2017-10-14
commons-compress,1.18-RC1,2018,2018-08-13
commons-compress,1.19-RC1,2019,2019-08-24
commons-compress,1.20-RC1,2020,2020-02-02
commons-compress,1.21-RC1,2021,2021-07-09
commons-compress,COMPRESS-1.10,2015,2015-08-18
commons-compress,COMPRESS-1.6,2013,2013-10-26
commons-compress,COMPRESS-1.9,2014,2014-10-09
commons-compress,COMPRESS_1.3,2011,2011-11-01
commons-compress,COMPRESS_1.4.1,2012,2012-05-23
commons-compress,commons-compress-1.0,2009,2009-05-14
commons-compress,commons-compress-1.1,2010,2010-08-13
commons-compress,commons-compress-1.22,2022,2022-10-25
commons-compress,commons-compress-1.23.0-RC1,2023,2023-03-18
commons-configuration,CONFIGURATION_1_5,2007,2007-11-24
commons-configuration,CONFIGURATION_1_10,2013,2013-10-28
commons-configuration,CONFIGURATION_1_6,2008,2008-12-25
commons-configuration,CONFIGURATION_1_7,2011,2011-09-08
commons-configuration,CONFIGURATION_1_9,2012,2012-08-22
commons-configuration,CONFIGURATION_2_1,2016,2016-08-20
commons-configuration,CONFIGURATION_2_0_alpha2,2014,2014-12-19
commons-configuration,CONFIGURATION_2_0_beta2,2015,2015-12-05
commons-configuration,CONFIGURATION_2_2,2017,2017-10-12
commons-configuration,CONFIGURATION_2_4,2018,2018-10-29
commons-configuration,commons-configuration-2.6-RC1,2019,2019-09-13
commons-configuration,commons-configuration-2.7-RC2,2020,2020-03-09
commons-configuration,commons-configuration-2.8.0-RC3,2022,2022-06-29
commons-configuration,commons-configuration-2.9.0-RC1,2023,2023-03-25
commons-crypto,CRYPTO-1.0.0,2016,2016-07-25
commons-crypto,commons-crypto-1.1.0-RC1,2020,2020-08-28
commons-crypto,rel/commons-crypto-1.2.0,2023,2023-01-15
commons-csv,rel/commons-csv-1.1,2014,2014-11-27
commons-csv,commons-csv-1.10.0-RC1,2022,2022-10-16
commons-csv,commons-csv-1.10.0-RC2,2023,2023-01-28
commons-csv,commons-csv-1.7-RC1,2019,2019-06-01
commons-csv,commons-csv-1.8-RC2,2020,2020-02-01
commons-csv,commons-csv-1.9.0-RC1,2021,2021-07-24
commons-csv,rel/commons-csv-1.2,2015,2015-08-25
commons-csv,rel/commons-csv-1.4,2016,2016-05-29
commons-csv,csv-1.5-RC1,2017,2017-08-27
commons-csv,csv-1.6-RC1,2018,2018-09-19
commons-daemon,COMMONS_DAEMON_1_0,2007,2007-07-29
commons-daemon,COMMONS_DAEMON_1_0_11,2012,2012-11-27
commons-daemon,COMMONS_DAEMON_1_0_15,2013,2013-04-02
commons-daemon,COMMONS_DAEMON_1_0_4,2010,2010-10-25
commons-daemon,JAKARTA_COMMONS_SANDBOX,2011,2011-11-24
commons-daemon,COMMONS_DAEMON_1_1_0,2017,2017-11-22
commons-daemon,COMMONS_DAEMON_1_2_2,2019,2019-09-30
commons-daemon,COMMONS_DAEMON_1_2_3,2020,2020-08-27
commons-daemon,COMMONS_DAEMON_1_2_4_RC2,2021,2021-01-14
commons-daemon,COMMONS_DAEMON_2_0_6,2009,2009-12-11
commons-daemon,commons-daemon-1.3.1,2022,2022-05-03
commons-dbcp,DBCP_1_0,2007,2007-07-29
commons-dbcp,DBCP_1_3,2010,2010-02-14
commons-dbcp,DBCP_1_3_RC6,2009,2009-12-29
commons-dbcp,DBCP_2_0,2014,2014-05-25
commons-dbcp,DBCP_2_1_1,2015,2015-08-07
commons-dbcp,DBCP_2_2_0,2017,2017-12-21
commons-dbcp,DBCP_2_2_RC2,2016,2016-08-07
commons-dbcp,commons-dbcp-2.5.0,2018,2018-07-15
commons-dbcp,commons-dbcp-2.7.0,2019,2019-07-31
commons-dbcp,commons-dbcp-2.8.0-RC1,2020,2020-09-21
commons-dbcp,commons-dbcp-2.9.0-RC1,2021,2021-07-31
commons-dbutils,DBUTILS_1_0,2007,2007-07-29
commons-dbutils,DBUTILS_1_3_RC3,2009,2009-11-08
commons-dbutils,commons-dbutils-1.5,2011,2011-12-21
commons-dbutils,DBUTILS_1_5,2012,2012-07-20
commons-dbutils,DBUTILS_1_6,2014,2014-07-20
commons-dbutils,DBUTILS_1_6_RC1,2013,2013-06-04
commons-dbutils,DBUTILS_1_7,2017,2017-07-16
commons-dbutils,DBUTILS_1_8_RC2,2020,2020-01-08
commons-digester,DIGESTER3_3_2,2011,2011-12-13
commons-digester,DIGESTER_1_0,2007,2007-07-29
commons-digester,DIGESTER_1_8_1,2008,2008-12-31
commons-digester,DIGESTER_2_1,2010,2010-09-25
commons-email,EMAIL_1_1,2007,2007-09-27
commons-email,EMAIL_1_2,2009,2009-11-01
commons-email,EMAIL_1_3_2,2013,2013-10-24
commons-email,EMAIL_1_3_3,2014,2014-07-09
commons-email,EMAIL_1_3_RC1,2010,2010-11-06
commons-email,EMAIL_1_3_RC2,2011,2011-12-05
commons-email,EMAIL_1_3_RC6,2012,2012-12-16
commons-email,EMAIL_1_4,2015,2015-05-23
commons-email,EMAIL_1_5,2017,2017-08-01
commons-exec,1.3,2014,2014-11-06
commons-exec,1.2-RC1,2013,2013-12-30
commons-exec,EXEC_1_1,2010,2010-10-19
commons-exec,EXEC_1_0_1,2009,2009-10-24
commons-exec,EXEC_1_0_0_RC1,2008,2008-12-16
commons-fileupload,FILEUPLOAD_1_0,2007,2007-07-29
commons-fileupload,FILEUPLOAD_1_3,2013,2013-03-27
commons-fileupload,FILEUPLOAD_1_3_1,2014,2014-02-07
commons-fileupload,commons-fileupload-1.3.3-RC4,2016,2016-12-04
commons-fileupload,commons-fileupload-1.2.1,2008,2008-02-16
commons-fileupload,commons-fileupload-1.2.2,2010,2010-07-14
commons-fileupload,commons-fileupload-1.3.3,2017,2017-06-09
commons-fileupload,commons-fileupload-1.4,2018,2018-12-24
commons-fileupload,commons-fileupload-1.5,2023,2023-02-01
commons-functor,FUNCTOR_1_0_RC1,2011,2011-10-20
commons-geometry,commons-geometry-1.0-beta1-rc3,2020,2020-07-15
commons-geometry,commons-geometry-1.0-rc4,2021,2021-08-16
commons-imaging,IMAGING_1_0_RC3,2012,2012-09-24
commons-imaging,IMAGING_1_0_RC6,2013,2013-11-24
commons-imaging,commons-imaging-1.0-alpha1,2019,2019-04-27
commons-imaging,commons-imaging-1.0-alpha1-RC2,2018,2018-10-30
commons-imaging,commons-imaging-1.0-alpha2,2020,2020-08-07
commons-imaging,commons-imaging-1.0-alpha3-RC2,2022,2022-05-13
commons-io,2.2,2012,2012-06-19
commons-io,2.5,2016,2016-05-06
commons-io,IO_1_0,2007,2007-07-29
commons-io,commons-io-1.4,2008,2008-01-21
commons-io,commons-io-2.0.1,2010,2010-12-26
commons-io,commons-io-2.1,2011,2011-10-11
commons-io,commons-io-2.11.0-RC1,2021,2021-07-09
commons-io,commons-io-2.12.0-RC1,2023,2023-04-28
commons-io,commons-io-2.5-RC3,2015,2015-12-26
commons-io,commons-io-2.6,2017,2017-09-30
commons-io,commons-io-2.8.0-RC2,2020,2020-09-06
commons-jci,1.0,2007,2007-07-29
commons-jci,1.1,2013,2013-10-14
commons-jcs,1.2.6.6,2011,2011-07-24
commons-jcs,commons-jcs-2.0,2016,2016-12-25
commons-jcs,commons-jcs-2.0-RC1,2014,2014-11-11
commons-jcs,commons-jcs-2.0-beta-1,2015,2015-02-19
commons-jcs,commons-jcs-2.2.1-RC3,2017,2017-12-12
commons-jcs,commons-jcs-2.2.1-RC4,2018,2018-08-23
commons-jcs,commons-jcs-3.2-rc1,2023,2023-01-08
commons-jcs,commons-jcs3-3.0-rc1,2020,2020-08-16
commons-jcs,commons-jcs3-3.1,2021,2021-12-23
commons-jcs,commons-jcs3-3.1-rc2,2022,2022-01-03
commons-jelly,COMMONS-JELLY-1_0-beta-4,2007,2007-07-29
commons-jelly,commons-jelly-1.0.1,2017,2017-09-25
commons-jexl,1.0,2004,2004-09-06
commons-jexl,1.1,2006,2006-09-08
commons-jexl,2.0.1,2010,2010-03-31
commons-jexl,2.0-RC4,2009,2009-12-10
commons-jexl,COMMONS_JEXL_2_1-RC3,2011,2011-12-21
commons-jexl,COMMONS_JEXL_3_0,2015,2015-12-27
commons-jexl,COMMONS_JEXL_3_1,2017,2017-04-14
commons-jexl,COMMONS_JEXL-1_0,2007,2007-07-29
commons-jexl,COMMONS_JEXL_2_0,2012,2012-06-19
commons-jexl,commons-jexl-3.2.1-rc1,2021,2021-06-17
commons-jexl,commons-jexl-3.3-RC2,2023,2023-03-17
commons-jexl,v4.0-snapshot.2,2018,2018-12-25
commons-jexl,v4.0-snapshot.4,2019,2019-05-24
commons-jxpath,JXPATH_1_0,2007,2007-07-29
commons-jxpath,JXPATH_1_3,2008,2008-08-11
commons-lang,LANG_1_0,2007,2007-07-29
commons-lang,LANG_2_4,2008,2008-03-19
commons-lang,LANG_3_0_B3,2010,2010-07-26
commons-lang,LANG_3_1,2011,2011-11-15
commons-lang,LANG_3_3_2,2014,2014-04-09
commons-lang,LANG_3_2_RC2,2013,2013-12-28
commons-lang,LANG_3_4,2015,2015-04-06
commons-lang,LANG_3_5,2016,2016-10-02
commons-lang,LANG_3_7,2017,2017-11-04
commons-lang,LANG_3_8_1,2018,2018-09-19
commons-lang,commons-lang-3.11-RC2,2020,2020-07-12
commons-lang,commons-lang-3.12.0-RC1,2021,2021-02-26
commons-lang,commons-lang-3.9,2019,2019-04-10
commons-logging,commons-logging-1.1.1,2007,2007-11-21
commons-logging,LOGGING_1_1_3,2013,2013-05-20
commons-logging,LOGGING_1_2,2014,2014-07-09
commons-math,MATH_1_0,2007,2007-07-29
commons-math,MATH_1_2,2008,2008-02-24
commons-math,MATH_2_1,2010,2010-03-31
commons-math,MATH_2_0_RC4,2009,2009-08-02
commons-math,MATH_2_2,2011,2011-03-20
commons-math,MATH_3_1,2012,2012-12-23
commons-math,MATH_3_2,2013,2013-04-06
commons-math,MATH_3_4,2014,2014-12-23
commons-math,MATH_3_5,2015,2015-04-14
commons-math,MATH_3_6_1,2016,2016-03-17
commons-net,NET_1_0_0,2007,2007-07-29
commons-net,NET_1_5_0_RC2,2008,2008-10-28
commons-net,NET_2_1_RC_2,2009,2009-11-08
commons-net,NET_2_2_RC2,2010,2010-11-16
commons-net,NET_3_0_1,2011,2011-06-07
commons-net,NET_3_2,2012,2012-12-01
commons-net,NET_3_3,2013,2013-06-11
commons-net,NET_3_4,2015,2015-11-25
commons-net,NET_3_5,2016,2016-05-05
commons-net,NET_3_6,2017,2017-02-14
commons-net,commons-net-3.7.2-RC1,2020,2020-10-14
commons-net,commons-net-3.8.0-RC1,2021,2021-02-13
commons-net,commons-net-3.9.0-RC1,2022,2022-11-26
commons-numbers,commons-numbers-1.0-beta1-rc1,2020,2020-04-03
commons-numbers,commons-numbers-1.0-rc1,2021,2021-07-11
commons-numbers,commons-numbers-1.1-RC1,2022,2022-10-28
commons-pool,POOL_1_4_RC1,2007,2007-12-28
commons-pool,STRUTS_1_1_B3@139653,2002,2002-12-01
commons-pool,POOL_1_1@139740,2003,2003-10-20
commons-pool,POOL_1_2@139778,2004,2004-06-07
commons-pool,POOL_1_3@329376,2005,2005-10-29
commons-pool,POOL_1_3@390933,2006,2006-04-03
commons-pool,POOL_1_4,2008,2008-01-18
commons-pool,POOL_1_5_4,2009,2009-11-20
commons-pool,POOL_1_5_5,2010,2010-09-14
commons-pool,POOL_1_6_RC2,2011,2011-12-31
commons-pool,POOL_1_6,2012,2012-06-17
commons-pool,POOL_2_5_0,2017,2017-12-16
commons-pool,POOL_2_1,2013,2013-12-30
commons-pool,POOL_2_3,2014,2014-12-31
commons-pool,POOL_2_4_2,2015,2015-08-01
commons-pool,commons-pool-2.11.1-RC1,2021,2021-08-14
commons-pool,commons-pool-2.6.1-RC1,2018,2018-08-17
commons-pool,commons-pool-2.8.0,2019,2019-12-07
commons-pool,commons-pool-2.9.0-RC1,2020,2020-09-25
commons-pool,jwsp_10_01@560656,2001,2001-12-11
commons-proxy,1.0_RC1,2014,2014-04-07
commons-proxy,proxy-1.0,2008,2008-02-27
commons-proxy,sandbox,2007,2007-10-05
commons-rdf,0.0.2,2014,2014-08-04
commons-rdf,0.1.0-incubating,2015,2015-05-07
commons-rdf,0.3.0-incubating,2016,2016-11-08
commons-rdf,0.5.0,2017,2017-12-07
commons-rng,RNG_1_0,2016,2016-12-06
commons-rng,RNG_1_2,2018,2018-12-06
commons-rng,RNG_1_3,2019,2019-11-05
commons-rng,RNG_1_4_RC3,2021,2021-09-08
commons-rng,commons-rng-1.5-RC1,2022,2022-10-04
commons-scxml,SCXML_0_7,2007,2007-12-19
commons-scxml,SCXML_0_9,2008,2008-12-01
commons-scxml,commons-scxml2-2.0-M1,2014,2014-04-03
commons-statistics,commons-statistics-1.0-RC1,2022,2022-11-30
commons-text,commons-text-1.2,2017,2017-12-08
commons-text,commons-text-1.10.0-RC1,2022,2022-09-24
commons-text,commons-text-1.6,2018,2018-10-12
commons-text,commons-text-1.8,2019,2019-08-30
commons-text,commons-text-1.9-RC1,2020,2020-07-21
commons-validator,VALIDATOR_1_5_0,2015,2015-11-25
commons-validator,STRUTS_1_1_B1,2007,2007-07-29
commons-validator,VALIDATOR_1_4_0,2012,2012-02-03
commons-validator,VALIDATOR_1_4_0_BETA1_RC1,2011,2011-07-08
commons-validator,VALIDATOR_1_4_1_RC1,2014,2014-12-26
commons-validator,VALIDATOR_1_5_1,2016,2016-04-30
commons-validator,VALIDATOR_1_6,2017,2017-02-20
commons-validator,VALIDATOR_1_7,2020,2020-08-03
commons-vfs,preVFS2package,2010,2010-11-14
commons-vfs,commons-vfs-2.5.0-RC1,2019,2019-12-24
commons-vfs,rel/commons-vfs-2.7.0,2020,2020-10-30
commons-vfs,commons-vfs-2.9.0-RC1,2021,2021-07-16
commons-vfs,commons-vfs2-project-2.1,2016,2016-05-19
commons-vfs,commons-vfs2-project-2.2-RC2,2017,2017-10-02
commons-vfs,commons-vfs2-project-2.0,2011,2011-08-18
commons-vfs,commons-vfs2-project-2.2,2018,2018-02-24
commons-vfs,pre_filenameparsing,2007,2007-07-29
commons-weaver,1.1,2014,2014-09-28
commons-weaver,1.3,2016,2016-10-18
commons-weaver,1.2_RC1,2015,2015-12-17
commons-weaver,2.0_RC1,2018,2018-09-01
continuum,continuum-1.3.0,2008,2008-11-24
continuum,continuum-1.3.4,2009,2009-08-24
continuum,continuum-1.4.0,2010,2010-04-29
continuum,continuum-1.3.8,2011,2011-09-01
continuum,continuum-1.4.1,2013,2013-01-02
continuum,continuum-1.4.2,2014,2014-06-04
continuum,continuum-1.4.3,2015,2015-02-03
cordova-android,0.9.0,2009,2009-12-22
cordova-android,0.9.3,2010,2010-12-23
cordova-android,1.3.0,2011,2011-12-16
cordova-android,2.3.0rc2,2012,2012-12-10
cordova-android,10.1.1,2021,2021-09-13
cordova-android,11.0.0,2022,2022-07-04
cordova-android,3.3.0,2013,2013-12-10
cordova-android,Gitignore_node_modules,2014,2014-10-04
cordova-android,5.0.0,2015,2015-11-02
cordova-android,6.1.0,2016,2016-11-03
cordova-android,7.0.0,2017,2017-11-30
cordova-android,7.1.4,2018,2018-11-22
cordova-android,8.1.0,2019,2019-09-11
cordova-android,9.0.0,2020,2020-06-23
creadur-rat,apache-rat-0.8,2012,2012-05-19
creadur-rat,apache-rat-project-0.10,2013,2013-08-04
creadur-rat,apache-rat-project-0.11,2014,2014-08-16
creadur-rat,apache-rat-project-0.12-RC3,2016,2016-06-07
creadur-rat,apache-rat-project-0.13,2018,2018-10-13
creadur-rat,apache-rat-project-0.15,2022,2022-08-31
creadur-tentacles,apache-tentacles-0.1,2022,2022-10-06
creadur-whisker,apache-whisker-0.1,2013,2013-08-04
crunch,apache-crunch-0.13.0,2015,2015-07-30
crunch,apache-crunch-0.8.4,2014,2014-09-04
crunch,apache-crunch-0.14.0,2016,2016-04-23
crunch,apache-crunch-0.15.0,2017,2017-02-16
crunch,apache-crunch-0.4.0-incubating,2012,2012-11-04
crunch,apache-crunch-0.8.2,2013,2013-12-12
crunch,apache-crunch-1.0.0,2019,2019-10-08
ctakes,DeepPhe.checkpoint.v1,2017,2017-10-02
ctakes,multicorpus_negation_feda,2013,2013-12-06
ctakes,ctakes-3.2.1-rc2,2014,2014-11-25
ctakes,ctakes-3.2.2-rc2,2015,2015-05-12
curator,1.0.0,2011,2011-12-31
curator,1.1.17,2012,2012-08-30
curator,apache-curator-2.7.0,2014,2014-10-31
curator,apache-curator-2.3.1,2013,2013-11-10
curator,apache-curator-2.11.1,2016,2016-11-11
curator,apache-curator-4.0.0,2017,2017-07-26
curator,apache-curator-4.1.0,2018,2018-12-16
curator,apache-curator-2.9.1,2015,2015-10-26
curator,apache-curator-4.1.1,2019,2019-03-03
curator,apache.curator-5.1.0,2020,2020-06-30
curator,apache-curator-5.2.0,2021,2021-07-19
curator,apache-curator-5.4.0,2022,2022-10-21
curator,apache-curator-5.5.0,2023,2023-04-20
cxf,cxf-2.1.3,2008,2008-10-22
cxf,cxf-2.3.1,2010,2010-12-02
cxf,cxf-2.1.8,2009,2009-11-15
cxf,cxf-2.5.7,2012,2012-12-06
cxf,cxf-2.5.1,2011,2011-12-15
cxf,cxf-3.0.0-milestone1,2013,2013-11-26
cxf,cxf-2.7.14,2014,2014-12-02
cxf,cxf-3.0.16,2017,2017-11-23
cxf,cxf-2.7.18,2015,2015-10-30
cxf,cxf-3.0.12,2016,2016-12-09
cxf,cxf-3.2.7,2018,2018-10-24
cxf,cxf-3.2.11,2019,2019-10-23
cxf,cxf-3.3.9,2020,2020-12-23
cxf,cxf-3.5.0,2021,2021-12-16
cxf,cxf-4.0.0,2022,2022-12-18
cxf,cxf-3.5.6,2023,2023-05-02
daffodil,v0.6.0,2012,2012-12-15
daffodil,v0.12.0,2013,2013-10-15
daffodil,v0.15.0,2014,2014-11-27
daffodil,v1.1.0,2015,2015-06-02
daffodil,v2.0.0-rc2,2016,2016-12-08
daffodil,v2.0.0,2017,2017-08-31
daffodil,v2.2.0,2018,2018-08-22
daffodil,v2.5.0-rc1,2019,2019-12-20
daffodil,v3.0.0,2020,2020-10-26
daffodil,v3.2.1,2021,2021-12-18
daffodil,v3.4.0,2022,2022-11-01
datafu,release-1.3.0-rc1,2015,2015-11-06
datafu,release-1.3.1-rc1,2016,2016-07-14
datafu,release-1.3.2-rc0,2017,2017-02-24
datafu,release-1.4.0-rc0,2018,2018-03-19
datafu,release-1.5.0-rc0,2019,2019-01-02
datafu,release-1.6.0-rc2,2020,2020-03-27
datafu,release-1.6.1-rc0,2021,2021-10-07
datafu,v1.2.0,2013,2013-12-06
datafu,v0.0.6,2012,2012-12-14
deltaspike,deltaspike-1.5.2,2015,2015-12-06
deltaspike,deltaspike-1.7.2,2016,2016-11-01
deltaspike,deltaspike-1.8.1,2017,2017-12-30
deltaspike,deltaspike-1.9.0,2018,2018-09-10
deltaspike,deltaspike-1.9.2,2019,2019-12-13
deltaspike,deltaspike-1.9.4,2020,2020-06-03
deltaspike,deltaspike-1.9.5,2021,2021-03-05
deltaspike,deltaspike-1.9.6,2022,2022-04-08
deltaspike,deltaspike-project-0.3-incubating,2012,2012-08-15
deltaspike,deltaspike-project-0.5,2013,2013-09-11
deltaspike,deltaspike-project-1.2.1,2014,2014-12-20
devicemap-browsermap,browsermap-1.4.1-incubating,2014,2014-07-30
directmemory,directmemory-0.1-incubating,2012,2012-08-21
directmemory,directmemory-0.2,2013,2013-09-11
directory-fortress-core,1.0-RC40,2015,2015-04-10
directory-fortress-core,2.0.0-RC1,2016,2016-10-28
directory-fortress-core,2.0.0,2017,2017-06-22
directory-fortress-core,2.0.3,2018,2018-11-05
directory-fortress-core,2.0.4,2019,2019-12-10
directory-fortress-core,2.0.5,2020,2020-05-22
directory-fortress-core,2.0.7,2021,2021-12-11
directory-fortress-core,2.0.8,2022,2022-07-16
directory-fortress-core,v1.0-RC34,2013,2013-12-29
directory-fortress-core,v1.0-RC39,2014,2014-08-09
directory-fortress-realm,2.0.0-RC1,2016,2016-10-28
directory-fortress-realm,2.0.0,2017,2017-06-22
directory-fortress-realm,2.0.3,2018,2018-11-05
directory-fortress-realm,2.0.4,2019,2019-12-10
directory-fortress-realm,2.0.5,2020,2020-05-22
directory-fortress-realm,2.0.7,2021,2021-12-11
directory-fortress-realm,2.0.8,2022,2022-07-16
directory-fortress-realm,v1.0-RC34,2013,2013-12-29
directory-fortress-realm,v1.0-RC39,2014,2014-08-09
directory-kerby,kerby-all-1.1.0,2017,2017-11-21
directory-kerby,kerby-all-1.0.0-RC1,2015,2015-09-10
directory-kerby,kerby-all-1.0.0-RC2,2016,2016-03-06
directory-kerby,kerby-all-1.1.1,2018,2018-05-21
directory-kerby,kerby-all-2.0.0,2019,2019-01-08
directory-kerby,kerby-all-2.0.1,2020,2020-05-25
directory-kerby,kerby-all-2.0.2,2022,2022-05-04
directory-server,1.5.4,2008,2008-09-11
directory-server,1.5.5,2009,2009-08-17
directory-server,1.5.7,2010,2010-04-02
directory-server,2.0.0-M3,2011,2011-09-09
directory-server,2.0.0-M15,2013,2013-08-14
directory-server,2.0.0-M19,2014,2014-11-19
directory-server,2.0.0-M21,2015,2015-12-18
directory-server,2.0.0-M23,2016,2016-07-16
directory-server,2.0.0-M24,2017,2017-06-03
directory-server,2.0.0-M9,2012,2012-12-22
directory-server,2.0.0.AM25,2018,2018-08-14
directory-server,2.0.0.AM26,2020,2020-02-28
directory-server,old_trunk,2007,2007-12-10
directory-server,release-0.9.3,2005,2005-10-31
directory-studio,0.6.0,2008,2008-10-21
directory-studio,1.0.1,2007,2007-09-10
directory-studio,1.5.2.v20091211,2009,2009-12-13
directory-studio,1.5.3.v20100330,2010,2010-03-30
directory-studio,2.0.0.v20120224,2012,2012-02-24
directory-studio,2.0.0.v20130628,2013,2013-06-28
directory-studio,2.0.0.v20151221-M10,2015,2015-12-21
directory-studio,2.0.0.v20161101-M12,2016,2016-11-01
directory-studio,2.0.0.v20170904-M13,2017,2017-09-04
directory-studio,2.0.0.v20180908-M14,2018,2018-09-09
directory-studio,2.0.0.v20200411-M15,2020,2020-04-11
directory-studio,2.0.0.v20210717-M17,2021,2021-07-17
drill,drill-0.7.0,2014,2014-12-16
drill,drill-0.1.0,2013,2013-09-10
drill,drill-1.4.0,2015,2015-12-08
drill,drill-1.12.0,2017,2017-12-10
drill,drill-1.15.0,2018,2018-12-24
drill,drill-1.17.0,2019,2019-12-22
drill,drill-1.18.0,2020,2020-09-05
drill,drill-1.19.0,2021,2021-06-04
drill,drill-1.20.2,2022,2022-08-01
drill,drill-1.9.0,2016,2016-11-18
druid,unknown,unknown
druid2,unknown,unknown
empire-db,apache-empire-db-2.4.1,2012,2012-10-30
empire-db,apache-empire-db-2.4.2,2013,2013-10-15
empire-db,apache-empire-db-2.4.3,2014,2014-08-17
empire-db,apache-empire-db-2.4.4-rc1,2015,2015-08-11
empire-db,apache-empire-db-2.4.5-rc1,2016,2016-11-09
empire-db,apache-empire-db-2.4.6,2017,2017-01-09
empire-db,apache-empire-db-2.4.7,2018,2018-10-23
empire-db,apache-empire-db-2.5.0,2020,2020-05-04
empire-db,apache-empire-db-3-0.0-rc1,2022,2022-03-08
etch,release-1.3.0,2013,2013-09-26
etch,release-1.4.0,2014,2014-08-07
exmple,unknown,unknown
falcon,release-0.10-rc3,2016,2016-08-05
falcon,release-0.11-rc0,2017,2017-11-30
falcon,release-0.11-rc3,2018,2018-03-05
falcon,release-0.4-rc0,2013,2013-11-13
falcon,release-0.6-rc1,2014,2014-11-19
falcon,release-0.8-rc0,2015,2015-11-06
felix,1.0.0,2020,2020-02-24
flink,release-0.7.0,2014,2014-10-18
flink,release-0.10.1,2015,2015-11-22
flink,release-1.1.4,2016,2016-12-19
flink,release-1.4.0,2017,2017-12-06
flink,release-1.12.1-rc1,2020,2020-12-25
flink,release-1.11.6,2021,2021-12-14
flink,release-1.15.2,2022,2022-08-17
flink,release-1.6.3,2018,2018-12-18
flink,release-1.8.3,2019,2019-12-05
flink,v0.4-rc1,2013,2013-12-20
flume,release-1.3.1,2012,2012-12-21
flume,release-1.11.0-rc2,2022,2022-10-16
flume,release-1.4.0,2013,2013-06-24
flume,release-1.5.2,2014,2014-11-12
flume,release-1.6.0,2015,2015-05-05
flume,release-1.7.0,2016,2016-10-12
flume,release-1.8.0,2017,2017-09-15
flume,release-1.9.0-rc3,2018,2018-12-17
fluo,1.0.0-alpha-1,2014,2014-09-29
fluo,1.0.0-beta-1,2015,2015-06-09
fluo,rel/fluo-1.0.0-incubating,2016,2016-09-27
fluo,rel/fluo-parent-3,2017,2017-11-17
fluo,rel/fluo-1.2.0,2018,2018-02-21
fluo-recipes,rel/fluo-recipes-1.0.0-incubating,2016,2016-10-20
fluo-recipes,rel/fluo-recipes-1.1.0-incubating,2017,2017-06-12
fluo-recipes,rel/fluo-recipes-1.2.0,2018,2018-03-01
fluo-yarn,rel/fluo-yarn-1.0.0,2018,2018-03-01
forrest,forrest_06,2004,2004-10-15
forrest,forrest_07,2005,2005-06-23
forrest,forrest_08_release,2007,2007-04-18
forrest,forrest_09_release,2011,2011-02-08
freemarker,unknown,unknown
ftpserver,1.0.0-M4,2008,2008-12-10
ftpserver,1.0.3,2009,2009-10-11
ftpserver,1.0.5,2010,2010-10-03
ftpserver,1.0.6,2011,2011-07-08
geode,rel/v1.11.0,2019,2019-12-19
geode,rel/v1.0.0-incubating,2016,2016-10-15
geode,rel/v1.3.0,2017,2017-10-17
geode,rel/v1.13.1,2020,2020-11-10
geode,rel/v1.12.8,2021,2021-12-30
geode,rel/v1.15.0,2022,2022-06-15
geode,rel/v1.8.0,2018,2018-11-20
geode,sga2-core,2015,2015-06-30
geronimo-specs,1_0,2008,2008-12-09
geronimo-specs,1_0_1,2005,2005-12-13
geronimo-specs,geronimo-ejb_3.1_spec-1.0.2,2010,2010-11-09
geronimo-specs,geronimo-jpa_2.1_spec-1.0-alpha-1,2015,2015-06-15
geronimo-specs,geronimo-annotation_1.2_spec-1.0-alpha-1,2014,2014-09-17
geronimo-specs,geronimo-jaxrs_2.1_spec-1.0,2017,2017-12-19
geronimo-specs,geronimo-validation_2.0_spec-1.0,2018,2018-09-30
geronimo-specs,geronimo-el_2.2_spec-1.0.2,2011,2011-07-19
geronimo-specs,geronimo-el_2.2_spec-1.0.3,2012,2012-04-24
geronimo-specs,geronimo-stax-api_1.2_spec-1.2,2013,2013-11-27
geronimo-specs,geronimo-jpa_2.0_spec-1.0-PFD2,2009,2009-10-05
geronimo-specs,geronimo-json_1.1_spec-1.2,2019,2019-03-02
geronimo-specs,geronimo-validation_1.1_spec-1.0,2016,2016-10-06
geronimo-specs,specs,2006,2006-12-14
giraph,old-move-to-tlp,2012,2012-05-24
giraph,rel/1.2.0-RC1,2016,2016-10-11
giraph,release-1.0.0-RC3,2013,2013-04-15
giraph,release-1.1.0,2014,2014-10-28
gora,apache-gora-0.2.1,2012,2012-07-26
gora,apache-gora-0.3,2013,2013-05-03
gora,apache-gora-0.5,2014,2014-09-16
gora,apache-gora-0.6.1,2015,2015-09-05
gora,apache-gora-0.8,2017,2017-09-15
gora,apache-gora-0.9,2019,2019-08-12
groovy,GROOVY_1_5_1,2007,2007-12-21
groovy,GROOVY_1_0_BETA_2,2003,2003-12-23
groovy,GROOVY_1_0_BETA_8,2004,2004-12-17
groovy,GROOVY_1_0_JSR_04,2005,2005-11-21
groovy,GROOVY_1_0_RC_2,2006,2006-12-23
groovy,GROOVY_1_6_RC_1,2008,2008-12-22
groovy,GROOVY_1_7_0,2009,2009-12-22
groovy,GROOVY_1_7_6,2010,2010-12-15
groovy,GROOVY_1_8_5,2011,2011-12-23
groovy,GROOVY_2_0_6,2012,2012-12-21
groovy,GROOVY_2_2_1,2013,2013-11-26
groovy,GROOVY_2_4_0_RC_1,2014,2014-12-23
groovy,GROOVY_2_4_5,2015,2015-09-17
groovy,GROOVY_2_4_7,2016,2016-06-03
groovy,GROOVY_3_0_10,2022,2022-03-03
guacamole-server,0.5.0,2011,2011-12-21
guacamole-server,0.7.1,2012,2012-12-13
guacamole-server,0.8.3,2013,2013-08-27
guacamole-server,0.9.3,2014,2014-09-30
guacamole-server,0.9.10-incubating,2016,2016-12-18
guacamole-server,0.9.13-incubating,2017,2017-06-03
guacamole-server,1.0.0,2018,2018-10-16
guacamole-server,0.9.8,2015,2015-09-06
guacamole-server,1.3.0,2020,2020-12-25
guacamole-server,1.4.0,2021,2021-12-25
hama,0.6-RC6,2012,2012-11-25
hama,0.6.3-RC3,2013,2013-10-06
hama,0.6.4-RC1,2014,2014-03-03
hama,0.7.0-RC3,2015,2015-06-14
hama,0.7.1-RC2,2016,2016-03-12
harmony,5.0m12a,2010,2010-03-30
hbase,0.90.0RC2,2010,2010-12-29
hbase,0.90.5,2011,2011-12-23
hbase,0.94.4RC0,2012,2012-12-29
hbase,0.94.15-junit-4.11,2013,2013-12-31
hbase,1.0.0RC0,2014,2014-12-19
hbase,0.98.16.1,2015,2015-11-18
hbase,0.98.24RC0,2016,2016-12-22
hbase,2.0.0-beta-1-RC0.2,2017,2017-12-29
hbase,1.4.12RC0,2019,2019-11-20
hbase,2.1.2RC1,2018,2018-12-30
hbase,2.4.0-rm_testRC15,2020,2020-12-22
hbase,3.0.0-alpha-2RC2,2021,2021-12-19
hbase,2.5.1RC1,2022,2022-10-17
helix,unknown,unknown
hive,rel/release-2.3.8,2020,2020-12-21
hive,master_2015_11_30,2015,2015-11-29
hive,rel/release-2.3.2,2017,2017-11-09
hive,rel/release-2.1.1,2016,2016-11-29
hive,rel/release-2.3.4,2018,2018-10-31
hive,rel/storage-release-2.7.1,2019,2019-11-25
hive,rel/storage-release-2.7.3,2021,2021-07-28
hive,rel/release-4.0.0-alpha-1,2022,2022-03-22
hive,release-0.12.0,2013,2013-10-14
hive,release-0.14.0,2014,2014-11-12
hive,release-0.3.0,2010,2010-10-26
hive,release-0.8.0,2011,2011-12-16
hive,release-0.9.0,2012,2012-04-27
hop,0.50-rc2,2020,2020-12-24
hop,1.0.0-rc1,2021,2021-09-21
hop,2.2.0-rc1,2022,2022-12-02
hop,2.3.0-rc1,2023,2023-01-27
hop.und,unknown,unknown
httpcomponents-client,4.1-beta1-RC2,2010,2010-11-17
httpcomponents-client,4.2-alpha1-RC1,2011,2011-10-30
httpcomponents-client,4.2.2-RC1,2012,2012-10-21
httpcomponents-client,4.3.1-RC1,2013,2013-10-03
httpcomponents-client,4.3.6-RC1,2014,2014-11-02
httpcomponents-client,4.5.1-RC1,2015,2015-09-11
httpcomponents-client,4.5.2-RC1,2016,2016-02-21
httpcomponents-client,5.0-alpha2-RC1,2017,2017-05-07
httpcomponents-client,4.5.5-RC1,2018,2018-01-18
httpcomponents-client,4_0_API_FREEZE,2008,2008-07-24
httpcomponents-core,4.1-RC1,2010,2010-11-13
httpcomponents-core,4.1.4-RC2,2011,2011-12-19
httpcomponents-core,4.2.3-RC1,2012,2012-11-23
httpcomponents-core,4.3.1-RC1,2013,2013-12-18
httpcomponents-core,4.4-RC1,2014,2014-12-14
httpcomponents-core,5.0-alpha1-RC1,2015,2015-12-20
httpcomponents-core,5.0-alpha2-RC2,2016,2016-12-22
httpcomponents-core,5.0-alpha3-RC1,2017,2017-04-27
hudi,release-0.6.0,2020,2020-08-22
hudi,hoodie-0.4.0,2017,2017-10-02
hudi,hoodie-0.2.5,2016,2016-12-21
hudi,hoodie-0.4.4,2018,2018-09-28
hudi,release-0.5.0-incubating,2019,2019-10-24
hudi,release-0.10.0,2021,2021-12-08
hudi,release-0.12.0,2022,2022-08-16
ignite,1.5.0.final,2015,2015-12-29
ignite,1.8.0,2016,2016-12-05
ignite,2.3.0,2017,2017-10-28
ignite,2.12.0-rc1,2021,2021-12-29
ignite,2.13.0,2022,2022-04-20
ignite,2.7.0,2018,2018-11-30
ignite,2.7.6,2019,2019-09-11
ignite,2.9.1,2020,2020-12-22
iotdb,release/0.9.1,2019,2019-12-30
iotdb,release/0.11.1,2020,2020-12-08
iotdb,v0.12.4,2021,2021-12-21
iotdb,v0.13.1,2022,2022-07-31
isis,2.0.0-M6-site-build,2021,2021-10-07
isis,isis-2.0.0-M9,2022,2022-10-14
isis,interim/isis-1.15.1.20171221-1739,2017,2017-12-21
isis,rel/helloworld-archetype-2.0.0-M1,2018,2018-07-25
isis,rel/helloworld-archetype-2.0.0-M2,2019,2019-01-14
isis,rel/isis-1.0.0,2012,2012-12-20
isis,rel/simple_wicket_restful_jdo-archetype-1.3.0,2013,2013-10-22
isis,rel/isis-1.11.0,2015,2015-12-29
isis,rel/simpleapp-archetype-1.13.2.1,2016,2016-12-31
isis,rel/isis-1.7.0,2014,2014-10-15
isis,rel/isis-2.0.0-M4,2020,2020-10-11
jackrabbit-oak,jackrabbit-oak-0.5,2012,2012-09-24
jackrabbit-oak,jackrabbit-oak-0.13,2013,2013-12-09
jackrabbit-oak,jackrabbit-oak-1.0.9,2014,2014-12-17
jackrabbit-oak,jackrabbit-oak-1.0.25,2015,2015-12-08
jackrabbit-oak,jackrabbit-oak-1.5.16,2016,2016-12-19
jackrabbit-oak,jackrabbit-oak-1.7.14,2017,2017-12-20
jackrabbit-oak,jackrabbit-oak-1.8.10,2018,2018-12-17
jackrabbit-oak,jackrabbit-oak-1.10.7,2019,2019-12-09
jackrabbit-oak,jackrabbit-oak-1.8.24,2020,2020-12-03
jackrabbit-oak,jackrabbit-oak-1.22.12,2022,2022-07-15
jackrabbit-oak,jackrabbit-oak-1.6.22,2021,2021-11-15
jakarta-cactus,v1.8.3,2020,2020-03-20
james-project,1.3RC1,2009,2009-09-16
james-project,james-parent-1.5,2010,2010-01-12
james-project,james-project-3.0.1,2017,2017-10-19
james-project,james-project-1.2,2007,2007-09-21
james-project,james-parent-1.2,2008,2008-11-12
james-project,james-project-1.8,2011,2011-11-18
james-project,james-project-1.8.1,2012,2012-02-15
james-project,james-project-1.8.2,2013,2013-02-04
james-project,james-project-3.0.0-beta5,2016,2016-11-02
james-project,james-project-3.2.0,2018,2018-11-05
james-project,james-project-3.4.0,2019,2019-09-05
james-project,james-project-3.5.0,2020,2020-07-16
james-project,james-project-3.6.1,2021,2021-12-16
james-project,james-project-3.7.2,2022,2022-10-07
jclouds,jclouds-1.0-beta-8,2010,2010-11-10
jclouds,jclouds-1.2.2,2011,2011-12-22
jclouds,jclouds-1.5.4,2012,2012-12-10
jclouds,jclouds-1.7.0,2013,2013-12-20
jclouds,jclouds-1.8.1,2014,2014-10-10
jclouds,jclouds-1.9.1,2015,2015-08-02
jclouds,rel/jclouds-1.9.3,2016,2016-11-18
jclouds,rel/jclouds-2.0.3,2017,2017-11-25
jclouds,rel/jclouds-2.1.1,2018,2018-08-09
jclouds,rel/jclouds-2.1.3,2019,2019-10-13
jclouds,rel/jclouds-2.2.1,2020,2020-05-02
jclouds,rel/jclouds-2.4.0,2021,2021-09-04
jclouds,rel/jclouds-2.5.0,2022,2022-03-20
jena,jena-2.7.4,2012,2012-10-20
jena,jena-3.0.1,2015,2015-12-08
jena,jena-2.11.0,2013,2013-09-12
jena,jena-2.12.1,2014,2014-10-02
jena,jena-3.1.1,2016,2016-11-04
jena,jena-3.10.0,2018,2018-12-30
jena,jena-3.13.1,2019,2019-10-06
jena,jena-3.17.0,2020,2020-11-25
jena,jena-3.6.0,2017,2017-12-13
jena,jena-4.3.2,2021,2021-12-17
jena,jena-4.6.0,2022,2022-08-20
jmeter,rel/v5.2.1,2019,2019-11-20
jmeter,rel/v5.4,2020,2020-11-28
jmeter,rel/v5.4.3,2021,2021-12-23
jmeter,rel/v5.5,2022,2022-06-06
jmeter,v1_7_1,2011,2011-11-01
jmeter,v2_10,2013,2013-10-20
jmeter,v2_12,2014,2014-11-09
jmeter,v2_13,2015,2015-03-13
jmeter,v2_8,2012,2012-10-05
jmeter,v3_1,2016,2016-11-19
jmeter,v3_3,2017,2017-09-21
jmeter,v5_0,2018,2018-09-18
jspwiki,unknown,unknown
juddi-scout,before_juddi_decoupling,2010,2010-10-08
juddi-scout,scout-1.2.3,2011,2011-06-30
juddi-scout,scout-1.2.7,2012,2012-11-26
juddi-scout,scout-1.2.8,2018,2018-12-05
juddi-scout,snapshots/20171216,2017,2017-12-16
karaf,karaf-2.1.2,2010,2010-11-22
karaf,karaf-2.2.5,2011,2011-12-22
karaf,karaf-2.2.10,2012,2012-12-18
karaf,karaf-3.0.0,2013,2013-12-21
karaf,karaf-4.0.3,2015,2015-11-07
karaf,karaf-4.0.8,2016,2016-12-12
karaf,karaf-2.4.1,2014,2014-12-30
karaf,karaf-4.3.0,2020,2020-10-26
karaf,karaf-4.2.2,2018,2018-12-15
karaf,karaf-4.2.0.M2,2017,2017-12-28
karaf,karaf-4.2.14,2021,2021-12-19
karaf,karaf-4.3.8,2022,2022-10-19
karaf,karaf-4.2.7,2019,2019-09-23
knox,v0.1.0-m1,2012,2012-12-20
knox,v0.11.0-rc2,2016,2016-12-23
knox,v0.14.0-rc2,2017,2017-12-06
knox,v0.3.1-rc4,2013,2013-12-20
knox,v0.5.1-rc1,2014,2014-11-21
knox,v0.7.0-rc1,2015,2015-12-15
knox,v1.2.0-rc4,2018,2018-12-04
knox,v1.3.0-rc2,2019,2019-07-16
knox,v1.5.0-rc1,2020,2020-11-22
knox,v1.6.1-RC1,2021,2021-12-14
lens,apache-lens-2.4.0-beta,2015,2015-11-18
lens,apache-lens-2.6.1,2016,2016-09-27
lens,apache-lens-2.7.0,2017,2017-12-05
lens,apache-lens-2.7.1,2018,2018-01-24
lens,grill-parent-1.1.0,2014,2014-09-04
lenya,RELEASE_1_2_1,2004,2004-12-29
lenya,RELEASE_1_2_4,2005,2005-06-26
lenya,RELEASE_2_0_RC_6,2007,2007-12-14
lenya,site_forrest_final,2008,2008-07-14
lenya,RELEASE_2_0_2,2009,2009-02-13
lenya,RELEASE_2_0_3,2010,2010-09-22
lenya,RELEASE_2_0_4,2011,2011-03-03
logging-log4j2,log4j-2.1,2014,2014-10-19
logging-log4j2,log4j-2.0-beta3,2012,2012-11-11
logging-log4j2,log4j-2.0-beta9,2013,2013-09-14
logging-log4j2,log4j-2.10-rc1,2017,2017-11-19
logging-log4j2,log4j-2.11.1,2018,2018-07-22
logging-log4j2,log4j-2.13.0-rc2,2019,2019-12-11
logging-log4j2,log4j-2.12.4-rc1,2021,2021-12-28
logging-log4j2,log4j-2.14.0-rc1,2020,2020-11-06
logging-log4j2,log4j-2.18.0-rc1,2022,2022-06-28
logging-log4j2,log4j-2.5,2015,2015-12-06
logging-log4j2,log4j-2.7,2016,2016-10-02
lucene-solr,history/branches/lucene-solr/preflexfixes,2010,2010-07-26
lucene-solr,releases/lucene/1.2-rc2,2001,2001-10-19
lucene-solr,releases/lucene/2.2.0,2007,2007-06-17
lucene-solr,releases/solr/1.1.0,2006,2006-12-22
lucene-solr,releases/lucene-solr/4.6.0,2013,2013-11-22
lucene-solr,releases/lucene-solr/4.10.3,2014,2014-12-20
lucene-solr,history/branches/lucene-solr/lucene6835,2015,2015-12-22
lucene-solr,history/branches/lucene-solr/LUCENE-6989-v2,2016,2016-12-16
lucene-solr,history/branches/lucene-solr/lucene3622,2011,2011-12-13
lucene-solr,history/branches/lucene-solr/jira/solr-12259,2018,2018-12-19
lucene-solr,releases/lucene-solr/3.6.2,2012,2012-12-24
lucene-solr,releases/lucene-solr/8.7.0,2020,2020-10-27
lucene-solr,releases/lucene-solr/8.4.0,2019,2019-12-19
lucene-solr,releases/lucene/2.4.0,2008,2008-10-08
lucene-solr,releases/lucene-solr/7.2.0,2017,2017-12-13
lucene-solr,releases/lucene-solr/8.11.1,2021,2021-12-14
lucene-solr,releases/lucene-solr/8.11.2,2022,2022-06-13
lucene-solr,releases/lucene/1.2,2003,2003-12-26
lucene-solr,releases/lucene/1.2-rc5,2002,2002-05-13
lucene-solr,releases/lucene/1.4.3,2004,2004-11-26
lucene-solr,releases/lucene/3.0.0,2009,2009-11-25
mahout,mahout-0.4,2010,2010-10-28
mahout,mahout-0.11.1,2015,2015-11-06
mahout,mahout-0.12.3,2016,2016-09-06
mahout,mahout-0.13.1-rc1,2017,2017-07-06
mahout,mahout-14.1-RC1,2019,2019-12-14
mahout,mahout-0.5,2011,2011-05-28
mahout,mahout-0.7,2012,2012-06-12
mahout,mahout-0.8,2013,2013-07-08
mahout,mahout-0.9,2014,2014-01-29
mahout,mahout-14.1,2020,2020-09-11
manifoldcf,release-1.0.1-RC1,2012,2012-10-15
manifoldcf,release-2.3,2015,2015-12-17
manifoldcf,release-1.4.1,2013,2013-11-16
manifoldcf,release-1.8,2014,2014-12-29
manifoldcf,release-2.12,2018,2018-12-20
manifoldcf,release-2.15,2019,2019-12-26
manifoldcf,release-2.18,2020,2020-12-28
manifoldcf,release-2.21-RC0,2021,2021-12-26
manifoldcf,release-2.22.1,2022,2022-05-12
manifoldcf,release-2.6,2016,2016-12-30
manifoldcf,release-2.9,2017,2017-12-23
marmotta,3.1.0-incubating,2013,2013-09-24
marmotta,3.3.0,2014,2014-12-05
marmotta,3.4.0,2018,2018-06-12
maven,maven-3.0-alpha-5,2009,2009-11-23
maven,maven-3.0.1,2010,2010-11-23
maven,maven-3.0.4-RC4,2011,2011-12-23
maven,maven-3.0.4,2012,2012-01-17
maven,maven-3.1.1,2013,2013-09-17
maven,maven-3.2.5,2014,2014-12-14
maven,maven-3.3.9,2015,2015-11-10
maven,maven-3.5.2,2017,2017-10-18
maven,maven-3.6.0,2018,2018-10-24
maven,maven-3.6.3,2019,2019-11-19
maven,maven-3.8.4,2021,2021-11-14
maven,maven-3.8.6,2022,2022-06-06
maven-doxia,doxia-1.1.2,2009,2009-11-30
maven-doxia,doxia-1.0-alpha-10,2007,2007-10-29
maven-doxia,doxia-1.0-alpha-11,2008,2008-05-11
maven-doxia,doxia-1.1.4,2010,2010-11-16
maven-doxia,doxia-1.11.1,2021,2021-11-28
maven-doxia,doxia-1.2,2011,2011-04-26
maven-doxia,doxia-1.3,2012,2012-04-10
maven-doxia,doxia-1.5,2013,2013-11-14
maven-doxia,doxia-1.6,2014,2014-06-27
maven-doxia,doxia-1.7,2016,2016-02-05
maven-doxia,doxia-1.8,2017,2017-12-09
maven-doxia,doxia-1.9,2019,2019-05-30
maven-doxia,doxia-1.9.1,2020,2020-02-13
maven-doxia,doxia-2.0.0-M3,2022,2022-06-18
metamodel,MetaModel-4.0.0-incubating,2013,2013-12-03
metamodel,MetaModel-4.3.1,2014,2014-12-11
metamodel,MetaModel-4.5.0,2015,2015-12-14
metamodel,MetaModel-4.5.5,2016,2016-11-13
metamodel,MetaModel-5.0.1,2017,2017-12-19
metamodel,MetaModel-5.2.0,2018,2018-12-08
metamodel,MetaModel-5.3.2-HI3,2019,2019-12-12
metamodel,MetaModel-5.3.3-HI1,2020,2020-07-07
metamodel,MetaModel-5.3.3,2021,2021-02-18
mina,2.0.7,2012,2012-10-06
mina,2.0.10,2015,2015-12-05
mina,2.0.16,2016,2016-10-23
mina,2.0.19,2018,2018-06-07
mina,2.1.3,2019,2019-05-29
mina,2.0.22,2021,2021-10-17
mina,2.2.1,2022,2022-07-20
mina,2.0.9,2014,2014-10-21
mina,2.1.4,2020,2020-08-17
mina,3.0.0-M2,2013,2013-07-27
mina-sshd,sshd-0.3.0,2009,2009-11-20
mina-sshd,sshd-0.13.0,2014,2014-10-21
mina-sshd,sshd-1.0.0,2015,2015-08-19
mina-sshd,sshd-0.5.0,2010,2010-11-03
mina-sshd,sshd-0.6.0,2011,2011-09-05
mina-sshd,sshd-0.8.0,2012,2012-09-25
mina-sshd,sshd-0.9.0,2013,2013-07-26
mina-sshd,sshd-1.3.0,2016,2016-09-19
mina-sshd,sshd-1.6.0,2017,2017-06-29
mina-sshd,sshd-2.1.0,2018,2018-09-17
mina-sshd,sshd-2.3.0,2019,2019-07-09
mina-sshd,sshd-2.6.0,2020,2020-12-07
mina-sshd,sshd-2.8.0,2021,2021-11-29
mina-sshd,sshd-2.9.1,2022,2022-08-22
mina-vysper,0.5,2010,2010-04-21
mina-vysper,0.7,2011,2011-02-24
mrunit,release-0.5.0-incubating,2012,2012-05-22
mrunit,release-1.0.0-hadoop1,2013,2013-04-02
mrunit,release-1.1.0,2014,2014-05-27
myfaces,1_1_4,2006,2006-09-10
myfaces,1_2_0,2007,2007-07-14
myfaces,1_2_5,2008,2008-10-29
myfaces,2_0_0_alpha,2009,2009-11-26
myfaces,myfaces-core-project-2.0.3,2010,2010-12-14
myfaces,2.3-next-M1,2019,2019-12-19
myfaces,myfaces-core-module-2.3.7,2020,2020-10-28
myfaces,myfaces-core-module-2.0.16,2012,2012-11-20
myfaces,myfaces-core-module-2.2.0-beta,2013,2013-10-26
myfaces,myfaces-core-module-2.2.7,2014,2014-12-17
myfaces,myfaces-core-module-2.2.11,2016,2016-09-12
myfaces,myfaces-core-module-3.0.1,2021,2021-06-02
myfaces,myfaces-core-module-2.3.0-beta,2017,2017-06-09
myfaces,myfaces-core-module-4.0.0-RC2,2022,2022-10-20
myfaces,myfaces-core-module-2.2.9,2015,2015-11-23
myfaces,myfaces-core-module-2.3.2,2018,2018-08-29
myfaces,myfaces-core-project-2.0.11,2011,2011-11-30
myfaces-tobago,tobago-1.0.9,2006,2006-12-20
myfaces-tobago,tobago-1.0.13,2007,2007-12-11
myfaces-tobago,tobago-1.0.20,2008,2008-10-20
myfaces-tobago,tobago-1.5.0-alpha-1,2009,2009-10-23
myfaces-tobago,tobago-1.0.32,2010,2010-11-24
myfaces-tobago,tobago-1.5.1,2011,2011-12-08
myfaces-tobago,tobago-1.5.8,2012,2012-10-13
myfaces-tobago,tobago-1.5.11,2013,2013-11-04
myfaces-tobago,tobago-2.0.5,2014,2014-12-16
myfaces-tobago,tobago-3.0.0-alpha-2,2015,2015-12-17
myfaces-tobago,tobago-3.0.0,2016,2016-12-12
myfaces-tobago,tobago-4.0.0,2017,2017-12-04
myfaces-tobago,tobago-3.1.1,2018,2018-11-21
myfaces-tobago,tobago-4.4.1,2019,2019-05-22
myfaces-tobago,tobago-4.5.1,2020,2020-10-28
myfaces-tobago,tobago-5.0.0,2021,2021-10-28
myfaces-tobago,tobago-5.2.0,2022,2022-07-22
nutch,release-1.2,2010,2010-09-24
nutch,release-1.11-rc2,2015,2015-12-04
nutch,release-1.12,2016,2016-06-02
nutch,release-1.14,2017,2017-12-18
nutch,release-1.15,2018,2018-07-26
nutch,release-1.16,2019,2019-10-02
nutch,release-1.17,2020,2020-06-17
nutch,release-1.18,2021,2021-01-19
nutch,release-1.19,2022,2022-08-22
nutch,release-1.4,2011,2011-11-05
nutch,release-1.6,2012,2012-11-23
nutch,release-2.2.1,2013,2013-06-27
nutch,release-1.9,2014,2014-08-13
ode,APACHE_ODE_1.3.3,2009,2009-08-19
ode,APACHE_ODE_1.1.1RC1,2007,2007-12-05
ode,APACHE_ODE_1.2,2008,2008-06-27
ode,APACHE_ODE_1.3.4,2010,2010-06-09
ode,APACHE_ODE_1.3.5,2011,2011-01-31
ode,APACHE_ODE_1.3.6,2013,2013-10-02
ode,APACHE_ODE_1.3.7,2017,2017-04-26
ode,APACHE_ODE_1.3.8,2018,2018-03-15
ofbiz-framework,release17.12.05,2020,2020-12-31
ofbiz-framework,release18.12.04,2021,2021-12-19
ofbiz-framework,release17.12.09,2022,2022-01-06
ofbiz-framework,release18.12.03,2019,2019-06-30
olingo-odata4,4.1.0,2015,2015-12-21
olingo-odata4,4.0.0-beta-01,2014,2014-09-23
olingo-odata4,4.3.0,2016,2016-09-19
olingo-odata4,4.4.0,2017,2017-09-01
olingo-odata4,4.5.0,2018,2018-08-13
olingo-odata4,4.7.1-RC01,2019,2019-12-20
olingo-odata4,4.8.0,2020,2020-12-27
olingo-odata4,4.9.0,2022,2022-02-27
oltu,org.apache.oltu.oauth2-0.31,2013,2013-06-20
oltu,org.apache.oltu.oauth2.parent-1.0.0,2014,2014-03-05
oltu,org.apache.oltu.commons.parent-2,2016,2016-08-02
oltu,org.apache.oltu.oauth2.jwt-1.0.3,2017,2017-02-08
oltu,org.apache.oltu.oauth2.parent-1.0.1,2015,2015-09-17
oodt,0.1-incubating,2010,2010-11-23
oodt,0.11-rc1,2015,2015-12-29
oodt,1.0,2016,2016-06-21
oodt,0.3,2011,2011-06-23
oodt,0.5,2012,2012-12-25
oodt,0.6,2013,2013-07-08
oodt,0.8,2014,2014-12-19
oodt,1.2.1,2017,2017-11-10
oodt,1.2.5,2018,2018-09-06
oodt,1.9,2019,2019-09-30
oodt,1.9.1,2021,2021-09-25
oozie,release-3.3.0,2012,2012-12-03
oozie,release-4.0.0,2013,2013-08-30
oozie,release-4.1.0,2014,2014-11-19
oozie,release-4.2.0,2015,2015-05-22
oozie,release-4.3.0,2016,2016-11-25
oozie,release-5.0.0-beta1-rc0,2017,2017-12-18
oozie,release-5.1.0,2018,2018-12-03
oozie,release-5.2.0,2019,2019-10-29
oozie,release-5.2.1,2021,2021-02-09
openjpa,1.0.1,2007,2007-11-10
openjpa,1.0.3,2008,2008-07-17
openjpa,1.0.4,2010,2010-08-26
openjpa,2.0.0-M3,2009,2009-10-12
openjpa,2.3.0,2013,2013-11-21
openjpa,2.1.1,2011,2011-07-19
openjpa,2.2.1,2012,2012-11-01
openjpa,2.4.0,2015,2015-05-05
openjpa,2.4.1,2016,2016-02-14
openjpa,2.4.2,2017,2017-01-03
openjpa,2.4.3,2018,2018-06-14
openjpa,3.1.0,2019,2019-04-10
openjpa,3.1.2,2020,2020-07-07
openjpa,3.2.0,2021,2021-05-10
openjpa,3.2.2,2022,2022-03-16
openmeetings,2.0,2015,2015-12-13
openmeetings,3.1.3RC3,2016,2016-09-23
openmeetings,4.0.1RC1,2017,2017-12-05
openmeetings,4.0.10,2019,2019-12-11
openmeetings,5.1.0,2020,2020-12-01
openmeetings,4.0.7RC1,2018,2018-12-29
openmeetings,6.2.0,2021,2021-10-21
openmeetings,6.3.0,2022,2022-05-13
opennlp,opennlp-2.1.0,2022,2022-11-07
opennlp,asf_migration,2012,2012-02-18
opennlp,opennlp-1.5.3-rc3,2013,2013-04-03
opennlp,opennlp-1.6.0,2014,2014-12-10
opennlp,opennlp-1.6.0-rc6,2015,2015-06-16
opennlp,opennlp-1.7.0,2016,2016-12-31
opennlp,opennlp-1.8.4,2017,2017-12-21
opennlp,opennlp-1.9.1-rc1,2018,2018-12-27
opennlp,opennlp-1.9.2,2019,2019-12-11
opennlp,opennlp-1.9.3,2020,2020-07-24
opennlp,opennlp-1.9.4,2021,2021-10-26
parquet-mr,apache-parquet-1.8.3,2018,2018-05-03
parquet-mr,apache-parquet-1.11.0,2019,2019-11-13
parquet-mr,apache-parquet-1.11.1,2020,2020-07-29
parquet-mr,apache-parquet-1.11.2,2021,2021-09-30
parquet-mr,apache-parquet-1.12.3,2022,2022-05-20
parquet-mr,apache-parquet-1.8.1,2015,2015-07-17
parquet-mr,apache-parquet-1.8.2,2017,2017-01-18
parquet-mr,apache-parquet-1.9.0,2016,2016-10-18
parquet-mr,parquet-1.3.0,2013,2013-12-23
parquet-mr,parquet-1.6.0rc4,2014,2014-11-18
pdfbox,2.0.13,2018,2018-11-28
pdfbox,2.0.18,2019,2019-12-20
pdfbox,2.0.22,2020,2020-12-16
pdfbox,2.0.25,2021,2021-12-13
pdfbox,3.0.0-alpha3,2022,2022-05-02
phoenix,v4.15.0-HBase-1.3,2019,2019-12-13
phoenix,5.1.2,2021,2021-05-30
phoenix,4.8.2-HBase-0.98,2016,2016-11-18
phoenix,v3.2.2,2014,2014-12-05
phoenix,v4.6.0-HBase-0.98,2015,2015-10-19
phoenix,v4.13.1-HBase-0.98-rc0,2017,2017-11-27
phoenix,v4.14.1-HBase-0.98,2018,2018-10-23
pig,release-0.8.0,2010,2010-12-16
pig,release-0.10.1-rc1,2012,2012-12-27
pig,release-0.12.0,2013,2013-10-11
pig,release-0.14.0,2014,2014-11-20
pig,release-0.15.0,2015,2015-06-05
pig,release-0.16.0,2016,2016-06-07
pig,release-0.17.0,2017,2017-06-14
pig,release-0.9.1,2011,2011-10-04
pivot,pivot-archetype-quickstart-1.0.2,2012,2012-05-22
pivot,pivot-archetype-quickstart-1.0.3,2013,2013-08-06
pivot,pivot-archetype-quickstart-1.0.4,2014,2014-05-29
pivot,2.0.5,2017,2017-06-25
pivot,pivot-archetype-quickstart-1.0,2011,2011-08-24
pivot,v2.0,2010,2010-12-21
plc4x,Last-Mina-Version,2017,2017-11-24
plc4x,end-of-refactoring-s-j,2019,2019-12-19
plc4x,rel/0.2.0,2018,2018-11-17
plc4x,release/0.7.0,2020,2020-05-19
plc4x,v0.9.1,2021,2021-12-14
polygene-java,0.4,2008,2008-09-19
polygene-java,1.0-RC2,2009,2009-10-10
polygene-java,1.2,2010,2010-10-17
polygene-java,1.4.1,2011,2011-09-25
polygene-java,2.0,2013,2013-04-26
polygene-java,2.0-RC1,2012,2012-12-24
polygene-java,2.1,2015,2015-07-28
polygene-java,3.0.0,2017,2017-07-21
portals-pluto,pluto-1.1.6,2008,2008-08-04
portals-pluto,bean-portlet-archetype-3.0.0,2017,2017-04-26
portals-pluto,bean-portlet-archetype-3.0.1,2018,2018-06-15
portals-pluto,bean-portlet-archetype-3.1.0,2019,2019-04-17
portals-pluto,bean-portlet-archetype-3.1.1,2021,2021-12-17
portals-pluto,import,2003,2003-09-30
portals-pluto,milestone-1.1.0-12092005,2005,2005-12-10
portals-pluto,pluto-1.1.4,2007,2007-08-08
portals-pluto,pluto-2.0.0,2009,2009-05-19
portals-pluto,pluto-2.0.3-SNAPSHOT-2010-11-01,2010,2010-11-01
portals-pluto,pluto-2.0.3,2011,2011-09-22
portals-pluto,pluto-2.1.0-M3,2012,2012-08-24
portals-pluto,release-1.0.1-rc2,2004,2004-12-05
portals-pluto,release-1.1.0-beta2,2006,2006-09-26
qpid-proton,0.5,2013,2013-08-27
qpid-proton,0.11.1,2015,2015-12-15
qpid-proton,0.16.0,2016,2016-12-08
qpid-proton,0.19.0,2017,2017-12-20
qpid-proton,0.26.0,2018,2018-10-04
qpid-proton,0.30.0,2019,2019-12-09
qpid-proton,0.33.0,2020,2020-11-17
qpid-proton,0.36.0,2021,2021-11-01
qpid-proton,0.37.0,2022,2022-03-15
qpid-proton,0.9-alpha-1,2014,2014-12-19
reef,reef-project-0.13.0-incubating,2015,2015-10-21
reef,release-0.15.1-rc1,2016,2016-08-23
reef,reef-project-0.16.0,2017,2017-08-10
reef,reef-project-0.16.1,2022,2022-02-08
reef,rel/0.16.1,2021,2021-05-10
roller,roller-5.1.2,2015,2015-03-01
roller,roller-5.2.0-final,2017,2017-11-06
roller,roller-5.2.1,2018,2018-09-30
roller,roller-6.0.0,2019,2019-12-14
roller,roller-6.0.1,2020,2020-05-08
roller,roller-6.1.0,2021,2021-12-18
roller,roller_4.0,2007,2007-12-07
roller,roller_4.0.1,2009,2009-01-13
roller,roller_5.0,2011,2011-05-17
roller,roller_5.0.1,2012,2012-06-23
sandesha,1_4,2010,2010-12-19
sandesha,v1.6.1,2011,2011-12-10
sandesha,v1.6.2,2012,2012-04-30
santuario-xml-security-java,1.5.0-RC1,2011,2011-12-16
santuario-xml-security-java,1.5.3,2012,2012-09-26
santuario-xml-security-java,1.5.6,2013,2013-11-05
santuario-xml-security-java,J_1_1_0,2010,2010-12-15
santuario-xml-security-java,xmlsec-2.0.2,2014,2014-09-22
santuario-xml-security-java,xmlsec-2.0.6,2015,2015-12-04
santuario-xml-security-java,xmlsec-2.1.2,2018,2018-06-08
santuario-xml-security-java,xmlsec-2.0.8,2016,2016-12-01
santuario-xml-security-java,xmlsec-2.0.9,2017,2017-08-14
santuario-xml-security-java,xmlsec-2.1.4,2019,2019-07-16
santuario-xml-security-java,xmlsec-2.1.6,2020,2020-12-08
santuario-xml-security-java,xmlsec-2.3.0,2021,2021-10-25
santuario-xml-security-java,xmlsec-2.1.8,2022,2022-04-29
servicemix,servicemix-5.0.6,2014,2014-11-11
servicemix,servicemix-5.5.2,2015,2015-12-13
servicemix,servicemix-7.0.0.M3,2016,2016-11-26
servicemix,servicemix-6.1.4,2017,2017-05-22
shindig,shindig-project-2.0.2,2010,2010-10-26
shindig,shindig-project-2.5.0-update1,2013,2013-10-16
shindig,shindig-project-2.5.0-beta5,2012,2012-10-23
shindig,shindig-project-2.5.2,2014,2014-11-11
shindig,shindig-project-3.0.0-beta4,2011,2011-11-22
shiro,site-template-before-redesign-20120814,2012,2012-08-14
shiro,shiro-root-1.1.0,2010,2010-10-30
shiro,shiro-root-1.2.2,2013,2013-05-11
shiro,shiro-root-1.2.3,2014,2014-02-25
shiro,shiro-root-1.2.4,2015,2015-07-08
shiro,shiro-root-1.4.0-RC2,2016,2016-11-10
shiro,shiro-root-1.4.0,2017,2017-05-05
shiro,shiro-root-1.4.2,2019,2019-11-08
shiro,shiro-root-1.7.0,2020,2020-10-23
shiro,shiro-root-1.8.0,2021,2021-08-23
shiro,shiro-root-1.9.1,2022,2022-06-23
sis,0.6,2015,2015-09-11
sis,0.7,2016,2016-05-19
sis,0.8,2017,2017-11-10
sis,1.0,2019,2019-09-22
sis,1.1,2021,2021-09-30
sis,1.2,2022,2022-05-10
skywalking,1.0-alpha1,2015,2015-12-31
skywalking,v2.0-2016,2016,2016-12-19
skywalking,v3.2.6,2017,2017-12-06
skywalking,v6.0.0-beta,2018,2018-12-14
skywalking,v6.6.0,2019,2019-12-24
skywalking,v8.3.0,2020,2020-11-29
skywalking,v8.9.1,2021,2021-12-10
skywalking,v9.1.0,2022,2022-06-09
sling-org-apache-sling-models-impl,org.apache.sling.models.impl-1.1.0,2014,2014-09-02
sling-org-apache-sling-models-impl,org.apache.sling.models.impl-1.2.4,2015,2015-12-10
sling-org-apache-sling-models-impl,org.apache.sling.models.impl-1.3.8,2016,2016-12-19
sling-org-apache-sling-models-impl,org.apache.sling.models.impl-1.4.6,2017,2017-12-08
sling-org-apache-sling-models-impl,org.apache.sling.models.impl-1.4.10,2018,2018-10-19
sling-org-apache-sling-models-impl,org.apache.sling.models.impl-1.4.12,2019,2019-11-01
sling-org-apache-sling-models-impl,org.apache.sling.models.impl-1.4.16,2020,2020-10-20
sling-org-apache-sling-models-impl,org.apache.sling.models.impl-1.5.0,2021,2021-12-07
sling-org-apache-sling-models-impl,org.apache.sling.models.impl-1.5.2,2022,2022-04-27
solr,history/branches/lucene-solr/preflexfixes,2010,2010-07-26
solr,releases/lucene/1.2-rc2,2001,2001-10-19
solr,releases/lucene/2.2.0,2007,2007-06-17
solr,releases/solr/1.1.0,2006,2006-12-22
solr,releases/lucene-solr/4.6.0,2013,2013-11-22
solr,releases/lucene-solr/4.10.3,2014,2014-12-20
solr,history/branches/lucene-solr/lucene6835,2015,2015-12-22
solr,history/branches/lucene-solr/LUCENE-6989-v2,2016,2016-12-16
solr,releases/lucene-solr/8.4.0,2019,2019-12-19
solr,history/branches/lucene-solr/branch_8x,2021,2021-03-10
solr,history/branches/lucene-solr/lucene3622,2011,2011-12-13
solr,history/branches/lucene-solr/branch_7_6,2018,2018-12-20
solr,history/branches/lucene-solr/revert-962-jira/LUCENE-9021,2020,2020-12-12
solr,releases/lucene-solr/3.6.2,2012,2012-12-24
solr,releases/lucene-solr/7.2.0,2017,2017-12-13
solr,releases/lucene/2.4.0,2008,2008-10-08
solr,releases/lucene/1.2,2003,2003-12-26
solr,releases/lucene/1.2-rc5,2002,2002-05-13
solr,releases/lucene/1.4.3,2004,2004-11-26
solr,releases/lucene/3.0.0,2009,2009-11-25
solr,releases/solr/9.0.0,2022,2022-05-04
spark,0.3-scala-2.8,2011,2011-07-14
spark,v2.1.0,2016,2016-12-15
spark,alpha-0.1,2010,2010-10-03
spark,v0.5.2,2012,2012-11-20
spark,v0.8.1-incubating,2013,2013-12-10
spark,v1.2.0,2014,2014-12-10
spark,v1.6.0,2015,2015-12-21
spark,v2.2.1,2017,2017-11-24
spark,v2.4.0,2018,2018-10-29
spark,v3.0.0-preview2,2019,2019-12-17
spark,v2.4.7,2020,2020-09-08
spark,v3.2.0,2021,2021-10-06
spark,v3.2.2,2022,2022-07-11
sqoop,release-1.99.1-rc1,2012,2012-12-21
sqoop,release-1.99.3-rc0,2013,2013-10-11
sqoop,release-1.99.4-rc1,2014,2014-11-15
sqoop,release-1.99.6-rc2,2015,2015-04-28
sqoop,release-1.4.7-rc0,2017,2017-12-06
sqoop,release-1.99.7-rc0,2016,2016-07-08
storm,0.9.0.1,2013,2013-12-05
storm,v0.9.3,2014,2014-11-18
storm,v0.9.6,2015,2015-10-28
storm,v0.10.2,2016,2016-09-02
storm,v1.0.5,2017,2017-09-05
storm,v1.1.3,2018,2018-05-17
storm,v2.1.0,2019,2019-10-25
storm,v1.2.4,2021,2021-10-01
storm,v2.2.0,2020,2020-06-18
storm,v2.4.0,2022,2022-03-09
stratos,4.0.0-incubating-m5,2013,2013-12-29
stratos,4.1.0-pre-alpha,2014,2014-12-22
stratos,4.1.5,2015,2015-12-07
stratos,4.1.6,2016,2016-08-06
struts,STRUTS_2_0_2,2006,2006-12-31
struts,STRUTS_2_1_0,2007,2007-10-29
struts,STRUTS_2_1_4,2008,2008-12-29
struts,STRUTS_2_1_8_1,2009,2009-10-02
struts,STRUTS_2_2_1_1,2010,2010-12-14
struts,STRUTS_2_3_1_1,2011,2011-12-24
struts,STRUTS_2_3_16,2013,2013-11-30
struts,STRUTS_2_3_21,2014,2014-12-31
struts,STRUTS_2_3_8,2012,2012-12-16
struts,STRUTS_2_5_BETA2,2015,2015-09-28
struts,STRUTS_2_5_8,2016,2016-12-06
struts,STRUTS_2_5_14_1,2017,2017-11-29
struts,STRUTS_2_3_37,2018,2018-12-30
struts,STRUTS_2_5_22,2019,2019-11-17
struts,STRUTS_2_5_26,2020,2020-11-25
struts,STRUTS_2_5_28_3,2021,2021-12-30
struts,STRUTS_6_1_1,2022,2022-11-15
synapse,1.2,2008,2008-06-09
synapse,2.0.0,2011,2011-01-11
synapse,2.1.0,2012,2012-01-06
synapse,3.0.0,2016,2016-12-31
synapse,Apache-Synapse-3.0.1,2017,2017-12-04
syncope,syncope-1.1.0-SNAPSHOT-before-role-provisioning,2012,2012-12-11
syncope,syncope-1.1.5,2013,2013-11-28
syncope,syncope-1.2.1,2014,2014-11-17
syncope,syncope-2.0.7,2017,2017-12-22
syncope,syncope-2.0.11,2018,2018-11-02
syncope,syncope-2.0.0-M1,2015,2015-12-23
syncope,syncope-2.0.1,2016,2016-10-21
syncope,syncope-2.0.14,2019,2019-09-12
syncope,syncope-2.1.8,2020,2020-12-18
syncope,syncope-2.1.10,2021,2021-10-08
syncope,syncope-2.1.12,2022,2022-08-05
tajo,release-0.11.0,2015,2015-10-16
tajo,release-0.11.3-rc0,2016,2016-05-10
tajo,release-0.12.0-rc0,2019,2019-09-11
tajo,release-0.2.0,2013,2013-11-01
tajo,release-0.9.0,2014,2014-10-11
tapestry-5,5.0.7,2007,2007-12-22
tapestry-5,hlship-5.0-perf,2008,2008-12-15
tapestry-5,5.1.0.6,2009,2009-12-31
tapestry-5,5.2.4,2010,2010-11-15
tapestry-5,5.3.1,2011,2011-12-13
tapestry-5,5.4-alpha-1,2012,2012-12-21
tapestry-5,5.4-beta-2,2013,2013-12-23
tapestry-5,5.4-beta-25,2014,2014-12-30
tapestry-5,5.4.0,2015,2015-12-15
tapestry-5,5.5.0-alpha-7,2016,2016-07-19
tapestry-5,5.5.0-alpha-10,2017,2017-11-27
tapestry-5,5.5.0-beta-1,2018,2018-12-19
tapestry-5,v5.5.0-beta-3,2019,2019-09-15
tapestry-5,before_tapestry_core_split,2020,2020-09-26
tapestry-5,5.7.3,2021,2021-08-02
tapestry-5,5.8.2,2022,2022-06-14
tez,rel/release-0.10.0,2020,2020-10-08
tez,rel/release-0.10.1,2021,2021-06-16
tez,rel/release-0.10.2,2022,2022-07-04
tez,rel/release-0.8.4,2016,2016-07-05
tez,release-0.9.1-rc1,2017,2017-11-15
tez,rel/release-0.9.2,2019,2019-03-19
tez,release-0.2.0-rc0,2013,2013-11-25
tez,release-0.5.3,2014,2014-12-04
tez,release-0.8.1-alpha,2015,2015-10-07
thrift,last-before-0-10,2016,2016-12-19
thrift,0.11.0,2017,2017-12-03
thrift,0.2.0,2010,2010-10-28
thrift,0.8.0,2011,2011-11-30
thrift,0.9.1,2013,2013-08-18
thrift,0.9.2,2014,2014-11-04
thrift,0.9.3,2015,2015-09-25
thrift,v0.13.0,2019,2019-10-11
thrift,lib/go/thrift/v0.0.1-do-not-use,2021,2021-10-16
thrift,v0.12.0,2018,2018-10-16
thrift,v0.17.0,2022,2022-08-31
tika,0.8,2010,2010-11-07
tika,1.0,2011,2011-11-03
tika,1.2,2012,2012-07-10
tika,1.11,2015,2015-10-19
tika,1.14,2016,2016-10-19
tika,1.17,2017,2017-12-08
tika,1.20,2018,2018-12-17
tika,1.23,2019,2019-12-02
tika,1.25,2020,2020-11-25
tika,1.28,2021,2021-12-20
tika,2.6.0,2022,2022-11-03
tika,1.3,2013,2013-06-16
tika,1.6-rc2,2014,2014-09-01
tiles,tiles-2.0.5,2007,2007-10-22
tiles,tiles-2.1.1,2008,2008-12-20
tiles,tiles-2.2.1,2009,2009-10-14
tiles,tiles-2.2.2,2010,2010-06-15
tiles,tiles-parent-3.0.1,2012,2012-07-11
tiles,tiles-parent-3.0.3,2013,2013-11-06
tiles,tiles-parent-3.0.5,2014,2014-09-22
tiles,tiles-parent-3.0.7,2016,2016-08-11
tiles,tiles-parent-3.0.8,2017,2017-11-07
tomcat,8.5.61,2020,2020-12-03
tomcat,10.0.14,2021,2021-12-02
tomcat,8.5.82,2022,2022-08-08
tomcat,7.0.5,2010,2010-11-24
tomcat,7.0.23,2011,2011-11-17
tomcat,7.0.34,2012,2012-12-04
tomcat,7.0.50,2013,2013-12-19
tomcat,7.0.57,2014,2014-10-31
tomcat,7.0.67,2015,2015-12-07
tomcat,8.5.9,2016,2016-12-05
tomcat,7.0.83,2017,2017-11-30
tomcat,8.5.36,2018,2018-12-12
tomcat,7.0.99,2019,2019-12-11
tomee,tomee-1.7.3,2015,2015-12-04
tomee,tomee-1.6.0,2013,2013-11-17
tomee,tomee-1.7.1,2014,2014-09-11
tomee,tomee-7.0.2,2016,2016-11-06
tomee,tomee-1.7.5,2017,2017-10-09
tomee,tomee-8.0.0-M1,2018,2018-10-14
tomee,tomee-8.0.0,2019,2019-09-13
tomee,tomee-8.0.5,2020,2020-11-17
tomee,tomee-project-8.0.9,2021,2021-12-23
tomee,tomee-project-9.0.0-M8,2022,2022-06-28
turbine-core,META_1.3_RC1,2007,2007-06-25
turbine-core,TURBINE_2_3_3,2008,2008-11-23
turbine-core,TURBINE_4_0_M1,2011,2011-06-23
turbine-core,turbine-4.0,2017,2017-10-24
turbine-core,turbine-4.0-M2,2015,2015-12-21
turbine-core,turbine-4.0.1,2018,2018-02-21
turbine-core,turbine-5.0,2019,2019-05-21
turbine-core,turbine-5.1,2021,2021-11-23
tuscany-sca-2.x,2.0,2012,2012-07-22
tuscany-sca-2.x,2.0-Beta1,2010,2010-11-23
tuscany-sca-2.x,2.0-Beta3-RC1,2011,2011-07-22
tuscany-sca-2.x,2.0-M4,2009,2009-11-12
tuscany-sca-2.x,2.0.1,2013,2013-10-07
uima-uimaj,uimaj-2.3.1,2010,2010-12-10
uima-uimaj,archive/uimaj-2.4.0-binaryCompressedSerializationVersion0,2012,2012-11-28
uima-uimaj,archive/uimaj-2.4.0-rc1,2011,2011-12-01
uima-uimaj,uimaj-2.4.2,2013,2013-08-09
uima-uimaj,rel/uimaj-2.10.2,2017,2017-10-30
uima-uimaj,rel/uimaj-3.1.1,2019,2019-11-04
uima-uimaj,rel/uima-2.11.0,2021,2021-06-09
uima-uimaj,rel/uimaj-2.10.3,2018,2018-11-05
uima-uimaj,rel/uimaj-3.3.0,2022,2022-04-29
uima-uimaj,uimaj-2.6.0,2014,2014-05-06
uima-uimaj,uimaj-2.8.1,2015,2015-08-04
uima-uimaj,uimaj-2.9.0,2016,2016-08-25
UndProjects,unknown,unknown
UndProjects - Copy,unknown,unknown
velocity-engine,1.6.1,2008,2008-12-15
velocity-engine,1.6.3,2009,2009-12-14
velocity-engine,1.7,2010,2010-11-29
velocity-engine,2.0,2017,2017-08-06
velocity-engine,2.0-RC3,2016,2016-11-16
velocity-engine,2.2-RC2,2019,2019-12-28
velocity-engine,2.2,2020,2020-01-29
velocity-engine,2.3,2021,2021-03-03
velocity-engine,VEL_1_1,2006,2006-12-01
velocity-engine,Velocity_1.5,2007,2007-03-06
vxquery,apache-vxquery-0.2-incubating,2013,2013-10-03
vxquery,apache-vxquery-0.4,2014,2014-09-01
vxquery,apache-vxquery-0.5,2015,2015-03-02
vxquery,apache-vxquery-0.6,2016,2016-05-19
whirr,release-0.7.0,2011,2011-12-14
whirr,release-0.8.1,2012,2012-10-12
whirr,release-0.8.2,2013,2013-04-17
whirr,release-0.9.0-rc0,2014,2014-02-18
wicket,wicket-1.4.5,2009,2009-12-16
wicket,wicket-1.3.0,2007,2007-12-29
wicket,exp-before-remove-version,2008,2008-11-30
wicket,rel/wicket-6.26.0,2016,2016-12-28
wicket,rel/wicket-8.0.0-M8,2017,2017-10-21
wicket,rel/wicket-6.30.0,2018,2018-12-05
wicket,wicket-6.21.0,2015,2015-10-29
wicket,rel/wicket-9.0.0-M3,2019,2019-09-11
wicket,rel/wicket-8.11.0,2020,2020-11-20
wicket,rel/wicket-9.7.0,2021,2021-11-27
wicket,rel/wicket-9.11.0,2022,2022-07-06
wicket,wicket-6.4.0,2012,2012-12-14
wicket,wicket-6.12.0,2013,2013-11-01
wicket,wicket-1.4.15,2010,2010-12-20
wicket,wicket-1.5.3,2011,2011-11-09
wicket,wicket-6.18.0,2014,2014-10-31
wink,wink-1.4.0,2013,2013-09-16
wookie,0.10.0-incubating,2012,2012-11-27
wookie,0.15.0,2013,2013-08-02
wookie,1.0.0,2014,2014-02-11
ws-axiom,0_95,2013,2013-04-20
ws-axiom,1_2_1@1470129,2006,2006-11-30
ws-axiom,1.2.10@1029049,2010,2010-10-30
ws-axiom,1.2.12@1142220,2011,2011-07-02
ws-axiom,1.2.14@1416223,2012,2012-12-02
ws-axiom,1.2.17,2015,2015-12-29
ws-axiom,1.2.20,2016,2016-10-16
ws-axiom,1.2.21,2018,2018-11-02
ws-axiom,1.2.22,2019,2019-01-10
ws-axiom,1.2.7@1470129,2008,2008-04-21
ws-axiom,1.2.8@1470129,2009,2009-01-09
ws-axiom,1.3.0,2021,2021-07-01
ws-axiom,1.4.0,2022,2022-05-14
ws-axiom,1_2_5@1470129,2007,2007-07-24
xerces2-j,x1_sync_121100,2000,2000-12-12
xerces2-j,Xerces-J_2_7_1,2005,2005-07-26
xerces2-j,Xerces-J_2_0_0beta4,2001,2001-12-18
xerces2-j,jaxp_1_2_2_01,2002,2002-12-02
xerces2-j,Xerces-J_2_11_0,2010,2010-11-26
xerces2-j,Xerces-J_2_12_0,2018,2018-04-21
xerces2-j,jaxp13-2_6-branch-t2,2003,2003-12-17
xerces2-j,jaxp_1_3_0_04052004,2004,2004-04-30
xerces2-j,Xerces-J_2_9_0,2006,2006-11-23
xerces2-j,Xerces-J_2_9_1,2007,2007-09-15
xerces2-j,initial,1999,1999-11-09
xmlbeans,1.0.0,2004,2004-12-08
xmlbeans,2.1.0,2005,2005-11-17
xmlbeans,2.2.0,2007,2007-06-02
xmlbeans,2.4.0,2008,2008-11-08
xmlbeans,2.6.0,2012,2012-08-15
xmlbeans,3.0.0,2018,2018-07-25
xmlbeans,3.1.0,2019,2019-03-27
xmlbeans,4.0.0,2020,2020-10-09
xmlbeans,REL_5_0_3,2021,2021-12-30
xmlbeans,REL_5_1_0,2022,2022-06-12
xmlbeans,db_031112,2003,2003-11-13
xmlgraphics-commons,commons-1_1,2006,2006-12-19
xmlgraphics-commons,commons-1_2,2007,2007-07-16
xmlgraphics-commons,commons-1_3_1,2008,2008-06-03
xmlgraphics-commons,commons-1_4,2010,2010-07-02
xmlgraphics-commons,commons-1_5,2012,2012-10-16
xmlgraphics-commons,commons-2_0,2014,2014-10-01
xmlgraphics-commons,commons-2_0_1,2015,2015-06-02
xmlgraphics-commons,commons-2_1,2016,2016-01-15
xmlgraphics-commons,commons-2_2,2017,2017-04-10
xmlgraphics-commons,commons-2_3,2018,2018-05-23
xmlgraphics-commons,commons-2_4,2019,2019-11-05
xmlgraphics-commons,commons-2_6,2021,2021-01-21
xmlgraphics-commons,commons-2_7,2022,2022-01-20
xmlgraphics-fop,fop-0_20_5,2003,2003-07-15
xmlgraphics-fop,fop-0_20_5rc,2002,2002-12-10
xmlgraphics-fop,Defoe_export,2004,2004-10-05
xmlgraphics-fop,fop-0_91-beta,2005,2005-12-23
xmlgraphics-fop,fop-0_20_0,2001,2001-08-12
xmlgraphics-fop,RELEASE_0_12_0,1999,1999-11-29
xmlgraphics-fop,fop-0_92-beta,2006,2006-04-18
xmlgraphics-fop,fop-0_94,2007,2007-08-18
xmlgraphics-fop,fop-0_95,2008,2008-07-31
xmlgraphics-fop,fop-1_0,2011,2011-07-01
xmlgraphics-fop,fop-1_1,2012,2012-10-16
xmlgraphics-fop,fop-2_0,2015,2015-06-02
xmlgraphics-fop,fop-2_1,2016,2016-01-15
xmlgraphics-fop,fop-2_2,2017,2017-04-10
xmlgraphics-fop,fop-2_3,2018,2018-05-24
xmlgraphics-fop,fop-2_4,2019,2019-11-05
xmlgraphics-fop,fop-2_5,2020,2020-05-13
xmlgraphics-fop,fop-2_6,2021,2021-01-21
xmlgraphics-fop,fop-2_7,2022,2022-01-20
xmlgraphics-fop,pre-columns,2000,2000-12-17
yetus,0.1.0,2015,2015-12-10
yetus,rel/0.4.0,2016,2016-12-09
yetus,prehistory,2009,2009-05-12
yetus,rel/0.11.1,2019,2019-10-28
yetus,rel/0.13.0,2020,2020-11-27
yetus,rel/0.14.0,2022,2022-05-06
yetus,rel/0.7.0,2017,2017-12-04
yetus,rel/0.8.0,2018,2018-08-23
zeppelin,v0.10.1-rc1,2021,2021-11-19
zeppelin,v0.10.1,2022,2022-02-28
zeppelin,v0.5.5,2015,2015-11-11
zeppelin,v0.6.2,2016,2016-10-12
zeppelin,v0.7.3,2017,2017-09-18
zeppelin,v0.8.0-docker,2018,2018-07-03
zeppelin,v0.8.2-docker,2019,2019-10-04
zookeeper,0.0.1,2010,2010-11-24
zookeeper,release-3.4.2,2011,2011-12-29
zookeeper,release-3.4.5,2012,2012-11-19
zookeeper,release-3.4.11,2017,2017-11-01
zookeeper,release-3.4.13,2018,2018-06-21
zookeeper,release-3.5.6,2019,2019-10-08
zookeeper,release-3.5.0,2014,2014-08-06
zookeeper,release-3.4.7,2015,2015-11-21
zookeeper,release-3.4.9,2016,2016-09-03
zookeeper,release-3.5.10,2022,2022-05-29
zookeeper,release-3.5.9-rc0,2020,2020-11-26
zookeeper,release-3.6.3,2021,2021-04-08
