file_path,method,api
/compaction-coordinator/src/test/java/org/apache/accumulo/coordinator/CompactionCoordinatorTest.java,resetAll,org.powermock.api.easymock.PowerMock
/compaction-coordinator/src/test/java/org/apache/accumulo/coordinator/CompactionCoordinatorTest.java,suppress,org.powermock.api.support.membermodification.MemberModifier
/compaction-coordinator/src/test/java/org/apache/accumulo/coordinator/CompactionCoordinatorTest.java,constructor,org.powermock.api.support.membermodification.MemberMatcher
/compaction-coordinator/src/test/java/org/apache/accumulo/coordinator/CompactionCoordinatorTest.java,suppress,org.powermock.api.support.membermodification.MemberModifier
/compaction-coordinator/src/test/java/org/apache/accumulo/coordinator/CompactionCoordinatorTest.java,methods,org.powermock.api.support.membermodification.MemberMatcher
/compaction-coordinator/src/test/java/org/apache/accumulo/coordinator/CompactionCoordinatorTest.java,suppress,org.powermock.api.support.membermodification.MemberModifier
/compaction-coordinator/src/test/java/org/apache/accumulo/coordinator/CompactionCoordinatorTest.java,methods,org.powermock.api.support.membermodification.MemberMatcher
/compaction-coordinator/src/test/java/org/apache/accumulo/coordinator/CompactionCoordinatorTest.java,createNiceMock,org.powermock.api.easymock.PowerMock
/compaction-coordinator/src/test/java/org/apache/accumulo/coordinator/CompactionCoordinatorTest.java,mockStatic,org.powermock.api.easymock.PowerMock
/compaction-coordinator/src/test/java/org/apache/accumulo/coordinator/CompactionCoordinatorTest.java,createNiceMock,org.powermock.api.easymock.PowerMock
/compaction-coordinator/src/test/java/org/apache/accumulo/coordinator/CompactionCoordinatorTest.java,createNiceMock,org.powermock.api.easymock.PowerMock
/compaction-coordinator/src/test/java/org/apache/accumulo/coordinator/CompactionCoordinatorTest.java,createNiceMock,org.powermock.api.easymock.PowerMock
/compaction-coordinator/src/test/java/org/apache/accumulo/coordinator/CompactionCoordinatorTest.java,createNiceMock,org.powermock.api.easymock.PowerMock
/compaction-coordinator/src/test/java/org/apache/accumulo/coordinator/CompactionCoordinatorTest.java,createNiceMock,org.powermock.api.easymock.PowerMock
/compaction-coordinator/src/test/java/org/apache/accumulo/coordinator/CompactionCoordinatorTest.java,createNiceMock,org.powermock.api.easymock.PowerMock
/compaction-coordinator/src/test/java/org/apache/accumulo/coordinator/CompactionCoordinatorTest.java,replayAll,org.powermock.api.easymock.PowerMock
/compaction-coordinator/src/test/java/org/apache/accumulo/coordinator/CompactionCoordinatorTest.java,verifyAll,org.powermock.api.easymock.PowerMock
/compaction-coordinator/src/test/java/org/apache/accumulo/coordinator/CompactionCoordinatorTest.java,resetAll,org.powermock.api.easymock.PowerMock
/compaction-coordinator/src/test/java/org/apache/accumulo/coordinator/CompactionCoordinatorTest.java,suppress,org.powermock.api.support.membermodification.MemberModifier
/compaction-coordinator/src/test/java/org/apache/accumulo/coordinator/CompactionCoordinatorTest.java,constructor,org.powermock.api.support.membermodification.MemberMatcher
/compaction-coordinator/src/test/java/org/apache/accumulo/coordinator/CompactionCoordinatorTest.java,suppress,org.powermock.api.support.membermodification.MemberModifier
/compaction-coordinator/src/test/java/org/apache/accumulo/coordinator/CompactionCoordinatorTest.java,methods,org.powermock.api.support.membermodification.MemberMatcher
/compaction-coordinator/src/test/java/org/apache/accumulo/coordinator/CompactionCoordinatorTest.java,suppress,org.powermock.api.support.membermodification.MemberModifier
/compaction-coordinator/src/test/java/org/apache/accumulo/coordinator/CompactionCoordinatorTest.java,methods,org.powermock.api.support.membermodification.MemberMatcher
/compaction-coordinator/src/test/java/org/apache/accumulo/coordinator/CompactionCoordinatorTest.java,createNiceMock,org.powermock.api.easymock.PowerMock
/compaction-coordinator/src/test/java/org/apache/accumulo/coordinator/CompactionCoordinatorTest.java,createNiceMock,org.powermock.api.easymock.PowerMock
/compaction-coordinator/src/test/java/org/apache/accumulo/coordinator/CompactionCoordinatorTest.java,mockStatic,org.powermock.api.easymock.PowerMock
/compaction-coordinator/src/test/java/org/apache/accumulo/coordinator/CompactionCoordinatorTest.java,createNiceMock,org.powermock.api.easymock.PowerMock
/compaction-coordinator/src/test/java/org/apache/accumulo/coordinator/CompactionCoordinatorTest.java,createNiceMock,org.powermock.api.easymock.PowerMock
/compaction-coordinator/src/test/java/org/apache/accumulo/coordinator/CompactionCoordinatorTest.java,createNiceMock,org.powermock.api.easymock.PowerMock
/compaction-coordinator/src/test/java/org/apache/accumulo/coordinator/CompactionCoordinatorTest.java,createNiceMock,org.powermock.api.easymock.PowerMock
/compaction-coordinator/src/test/java/org/apache/accumulo/coordinator/CompactionCoordinatorTest.java,createNiceMock,org.powermock.api.easymock.PowerMock
/compaction-coordinator/src/test/java/org/apache/accumulo/coordinator/CompactionCoordinatorTest.java,createNiceMock,org.powermock.api.easymock.PowerMock
/compaction-coordinator/src/test/java/org/apache/accumulo/coordinator/CompactionCoordinatorTest.java,createNiceMock,org.powermock.api.easymock.PowerMock
/compaction-coordinator/src/test/java/org/apache/accumulo/coordinator/CompactionCoordinatorTest.java,createNiceMock,org.powermock.api.easymock.PowerMock
/compaction-coordinator/src/test/java/org/apache/accumulo/coordinator/CompactionCoordinatorTest.java,replayAll,org.powermock.api.easymock.PowerMock
/compaction-coordinator/src/test/java/org/apache/accumulo/coordinator/CompactionCoordinatorTest.java,verifyAll,org.powermock.api.easymock.PowerMock
/compaction-coordinator/src/test/java/org/apache/accumulo/coordinator/CompactionCoordinatorTest.java,resetAll,org.powermock.api.easymock.PowerMock
/compaction-coordinator/src/test/java/org/apache/accumulo/coordinator/CompactionCoordinatorTest.java,suppress,org.powermock.api.support.membermodification.MemberModifier
/compaction-coordinator/src/test/java/org/apache/accumulo/coordinator/CompactionCoordinatorTest.java,constructor,org.powermock.api.support.membermodification.MemberMatcher
/compaction-coordinator/src/test/java/org/apache/accumulo/coordinator/CompactionCoordinatorTest.java,suppress,org.powermock.api.support.membermodification.MemberModifier
/compaction-coordinator/src/test/java/org/apache/accumulo/coordinator/CompactionCoordinatorTest.java,methods,org.powermock.api.support.membermodification.MemberMatcher
/compaction-coordinator/src/test/java/org/apache/accumulo/coordinator/CompactionCoordinatorTest.java,suppress,org.powermock.api.support.membermodification.MemberModifier
/compaction-coordinator/src/test/java/org/apache/accumulo/coordinator/CompactionCoordinatorTest.java,methods,org.powermock.api.support.membermodification.MemberMatcher
/compaction-coordinator/src/test/java/org/apache/accumulo/coordinator/CompactionCoordinatorTest.java,createNiceMock,org.powermock.api.easymock.PowerMock
/compaction-coordinator/src/test/java/org/apache/accumulo/coordinator/CompactionCoordinatorTest.java,createNiceMock,org.powermock.api.easymock.PowerMock
/compaction-coordinator/src/test/java/org/apache/accumulo/coordinator/CompactionCoordinatorTest.java,createNiceMock,org.powermock.api.easymock.PowerMock
/compaction-coordinator/src/test/java/org/apache/accumulo/coordinator/CompactionCoordinatorTest.java,createNiceMock,org.powermock.api.easymock.PowerMock
/compaction-coordinator/src/test/java/org/apache/accumulo/coordinator/CompactionCoordinatorTest.java,createNiceMock,org.powermock.api.easymock.PowerMock
/compaction-coordinator/src/test/java/org/apache/accumulo/coordinator/CompactionCoordinatorTest.java,mockStatic,org.powermock.api.easymock.PowerMock
/compaction-coordinator/src/test/java/org/apache/accumulo/coordinator/CompactionCoordinatorTest.java,createNiceMock,org.powermock.api.easymock.PowerMock
/compaction-coordinator/src/test/java/org/apache/accumulo/coordinator/CompactionCoordinatorTest.java,createNiceMock,org.powermock.api.easymock.PowerMock
/compaction-coordinator/src/test/java/org/apache/accumulo/coordinator/CompactionCoordinatorTest.java,createNiceMock,org.powermock.api.easymock.PowerMock
/compaction-coordinator/src/test/java/org/apache/accumulo/coordinator/CompactionCoordinatorTest.java,createNiceMock,org.powermock.api.easymock.PowerMock
/compaction-coordinator/src/test/java/org/apache/accumulo/coordinator/CompactionCoordinatorTest.java,replayAll,org.powermock.api.easymock.PowerMock
/compaction-coordinator/src/test/java/org/apache/accumulo/coordinator/CompactionCoordinatorTest.java,verifyAll,org.powermock.api.easymock.PowerMock
/compaction-coordinator/src/test/java/org/apache/accumulo/coordinator/CompactionCoordinatorTest.java,resetAll,org.powermock.api.easymock.PowerMock
/compaction-coordinator/src/test/java/org/apache/accumulo/coordinator/CompactionCoordinatorTest.java,suppress,org.powermock.api.support.membermodification.MemberModifier
/compaction-coordinator/src/test/java/org/apache/accumulo/coordinator/CompactionCoordinatorTest.java,constructor,org.powermock.api.support.membermodification.MemberMatcher
/compaction-coordinator/src/test/java/org/apache/accumulo/coordinator/CompactionCoordinatorTest.java,suppress,org.powermock.api.support.membermodification.MemberModifier
/compaction-coordinator/src/test/java/org/apache/accumulo/coordinator/CompactionCoordinatorTest.java,methods,org.powermock.api.support.membermodification.MemberMatcher
/compaction-coordinator/src/test/java/org/apache/accumulo/coordinator/CompactionCoordinatorTest.java,suppress,org.powermock.api.support.membermodification.MemberModifier
/compaction-coordinator/src/test/java/org/apache/accumulo/coordinator/CompactionCoordinatorTest.java,methods,org.powermock.api.support.membermodification.MemberMatcher
/compaction-coordinator/src/test/java/org/apache/accumulo/coordinator/CompactionCoordinatorTest.java,createNiceMock,org.powermock.api.easymock.PowerMock
/compaction-coordinator/src/test/java/org/apache/accumulo/coordinator/CompactionCoordinatorTest.java,createNiceMock,org.powermock.api.easymock.PowerMock
/compaction-coordinator/src/test/java/org/apache/accumulo/coordinator/CompactionCoordinatorTest.java,createNiceMock,org.powermock.api.easymock.PowerMock
/compaction-coordinator/src/test/java/org/apache/accumulo/coordinator/CompactionCoordinatorTest.java,createNiceMock,org.powermock.api.easymock.PowerMock
/compaction-coordinator/src/test/java/org/apache/accumulo/coordinator/CompactionCoordinatorTest.java,createNiceMock,org.powermock.api.easymock.PowerMock
/compaction-coordinator/src/test/java/org/apache/accumulo/coordinator/CompactionCoordinatorTest.java,mockStatic,org.powermock.api.easymock.PowerMock
/compaction-coordinator/src/test/java/org/apache/accumulo/coordinator/CompactionCoordinatorTest.java,createNiceMock,org.powermock.api.easymock.PowerMock
/compaction-coordinator/src/test/java/org/apache/accumulo/coordinator/CompactionCoordinatorTest.java,createNiceMock,org.powermock.api.easymock.PowerMock
/compaction-coordinator/src/test/java/org/apache/accumulo/coordinator/CompactionCoordinatorTest.java,createNiceMock,org.powermock.api.easymock.PowerMock
/compaction-coordinator/src/test/java/org/apache/accumulo/coordinator/CompactionCoordinatorTest.java,createNiceMock,org.powermock.api.easymock.PowerMock
/compaction-coordinator/src/test/java/org/apache/accumulo/coordinator/CompactionCoordinatorTest.java,createNiceMock,org.powermock.api.easymock.PowerMock
/compaction-coordinator/src/test/java/org/apache/accumulo/coordinator/CompactionCoordinatorTest.java,replayAll,org.powermock.api.easymock.PowerMock
/compaction-coordinator/src/test/java/org/apache/accumulo/coordinator/CompactionCoordinatorTest.java,verifyAll,org.powermock.api.easymock.PowerMock
/compaction-coordinator/src/test/java/org/apache/accumulo/coordinator/CompactionCoordinatorTest.java,resetAll,org.powermock.api.easymock.PowerMock
/compaction-coordinator/src/test/java/org/apache/accumulo/coordinator/CompactionCoordinatorTest.java,suppress,org.powermock.api.support.membermodification.MemberModifier
/compaction-coordinator/src/test/java/org/apache/accumulo/coordinator/CompactionCoordinatorTest.java,constructor,org.powermock.api.support.membermodification.MemberMatcher
/compaction-coordinator/src/test/java/org/apache/accumulo/coordinator/CompactionCoordinatorTest.java,suppress,org.powermock.api.support.membermodification.MemberModifier
/compaction-coordinator/src/test/java/org/apache/accumulo/coordinator/CompactionCoordinatorTest.java,methods,org.powermock.api.support.membermodification.MemberMatcher
/compaction-coordinator/src/test/java/org/apache/accumulo/coordinator/CompactionCoordinatorTest.java,suppress,org.powermock.api.support.membermodification.MemberModifier
/compaction-coordinator/src/test/java/org/apache/accumulo/coordinator/CompactionCoordinatorTest.java,methods,org.powermock.api.support.membermodification.MemberMatcher
/compaction-coordinator/src/test/java/org/apache/accumulo/coordinator/CompactionCoordinatorTest.java,createNiceMock,org.powermock.api.easymock.PowerMock
/compaction-coordinator/src/test/java/org/apache/accumulo/coordinator/CompactionCoordinatorTest.java,createNiceMock,org.powermock.api.easymock.PowerMock
/compaction-coordinator/src/test/java/org/apache/accumulo/coordinator/CompactionCoordinatorTest.java,mockStatic,org.powermock.api.easymock.PowerMock
/compaction-coordinator/src/test/java/org/apache/accumulo/coordinator/CompactionCoordinatorTest.java,createNiceMock,org.powermock.api.easymock.PowerMock
/compaction-coordinator/src/test/java/org/apache/accumulo/coordinator/CompactionCoordinatorTest.java,createNiceMock,org.powermock.api.easymock.PowerMock
/compaction-coordinator/src/test/java/org/apache/accumulo/coordinator/CompactionCoordinatorTest.java,createNiceMock,org.powermock.api.easymock.PowerMock
/compaction-coordinator/src/test/java/org/apache/accumulo/coordinator/CompactionCoordinatorTest.java,createNiceMock,org.powermock.api.easymock.PowerMock
/compaction-coordinator/src/test/java/org/apache/accumulo/coordinator/CompactionCoordinatorTest.java,createNiceMock,org.powermock.api.easymock.PowerMock
/compaction-coordinator/src/test/java/org/apache/accumulo/coordinator/CompactionCoordinatorTest.java,createNiceMock,org.powermock.api.easymock.PowerMock
/compaction-coordinator/src/test/java/org/apache/accumulo/coordinator/CompactionCoordinatorTest.java,createNiceMock,org.powermock.api.easymock.PowerMock
/compaction-coordinator/src/test/java/org/apache/accumulo/coordinator/CompactionCoordinatorTest.java,createNiceMock,org.powermock.api.easymock.PowerMock
/compaction-coordinator/src/test/java/org/apache/accumulo/coordinator/CompactionCoordinatorTest.java,createNiceMock,org.powermock.api.easymock.PowerMock
/compaction-coordinator/src/test/java/org/apache/accumulo/coordinator/CompactionCoordinatorTest.java,replayAll,org.powermock.api.easymock.PowerMock
/compaction-coordinator/src/test/java/org/apache/accumulo/coordinator/CompactionCoordinatorTest.java,verifyAll,org.powermock.api.easymock.PowerMock
/compaction-coordinator/src/test/java/org/apache/accumulo/coordinator/CompactionCoordinatorTest.java,resetAll,org.powermock.api.easymock.PowerMock
/compaction-coordinator/src/test/java/org/apache/accumulo/coordinator/CompactionCoordinatorTest.java,suppress,org.powermock.api.support.membermodification.MemberModifier
/compaction-coordinator/src/test/java/org/apache/accumulo/coordinator/CompactionCoordinatorTest.java,constructor,org.powermock.api.support.membermodification.MemberMatcher
/compaction-coordinator/src/test/java/org/apache/accumulo/coordinator/CompactionCoordinatorTest.java,createNiceMock,org.powermock.api.easymock.PowerMock
/compaction-coordinator/src/test/java/org/apache/accumulo/coordinator/CompactionCoordinatorTest.java,createNiceMock,org.powermock.api.easymock.PowerMock
/compaction-coordinator/src/test/java/org/apache/accumulo/coordinator/CompactionCoordinatorTest.java,createNiceMock,org.powermock.api.easymock.PowerMock
/compaction-coordinator/src/test/java/org/apache/accumulo/coordinator/CompactionCoordinatorTest.java,createNiceMock,org.powermock.api.easymock.PowerMock
/compaction-coordinator/src/test/java/org/apache/accumulo/coordinator/CompactionCoordinatorTest.java,createNiceMock,org.powermock.api.easymock.PowerMock
/compaction-coordinator/src/test/java/org/apache/accumulo/coordinator/CompactionCoordinatorTest.java,createNiceMock,org.powermock.api.easymock.PowerMock
/compaction-coordinator/src/test/java/org/apache/accumulo/coordinator/CompactionCoordinatorTest.java,createNiceMock,org.powermock.api.easymock.PowerMock
/compaction-coordinator/src/test/java/org/apache/accumulo/coordinator/CompactionCoordinatorTest.java,replayAll,org.powermock.api.easymock.PowerMock
/compaction-coordinator/src/test/java/org/apache/accumulo/coordinator/CompactionCoordinatorTest.java,verifyAll,org.powermock.api.easymock.PowerMock
/compactor/src/test/java/org/apache/accumulo/compactor/CompactorTest.java,resetAll,org.powermock.api.easymock.PowerMock
/compactor/src/test/java/org/apache/accumulo/compactor/CompactorTest.java,suppress,org.powermock.api.support.membermodification.MemberModifier
/compactor/src/test/java/org/apache/accumulo/compactor/CompactorTest.java,methods,org.powermock.api.support.membermodification.MemberMatcher
/compactor/src/test/java/org/apache/accumulo/compactor/CompactorTest.java,suppress,org.powermock.api.support.membermodification.MemberModifier
/compactor/src/test/java/org/apache/accumulo/compactor/CompactorTest.java,constructor,org.powermock.api.support.membermodification.MemberMatcher
/compactor/src/test/java/org/apache/accumulo/compactor/CompactorTest.java,createNiceMock,org.powermock.api.easymock.PowerMock
/compactor/src/test/java/org/apache/accumulo/compactor/CompactorTest.java,createNiceMock,org.powermock.api.easymock.PowerMock
/compactor/src/test/java/org/apache/accumulo/compactor/CompactorTest.java,createNiceMock,org.powermock.api.easymock.PowerMock
/compactor/src/test/java/org/apache/accumulo/compactor/CompactorTest.java,createNiceMock,org.powermock.api.easymock.PowerMock
/compactor/src/test/java/org/apache/accumulo/compactor/CompactorTest.java,createNiceMock,org.powermock.api.easymock.PowerMock
/compactor/src/test/java/org/apache/accumulo/compactor/CompactorTest.java,createNiceMock,org.powermock.api.easymock.PowerMock
/compactor/src/test/java/org/apache/accumulo/compactor/CompactorTest.java,createNiceMock,org.powermock.api.easymock.PowerMock
/compactor/src/test/java/org/apache/accumulo/compactor/CompactorTest.java,replayAll,org.powermock.api.easymock.PowerMock
/compactor/src/test/java/org/apache/accumulo/compactor/CompactorTest.java,verifyAll,org.powermock.api.easymock.PowerMock
/compactor/src/test/java/org/apache/accumulo/compactor/CompactorTest.java,resetAll,org.powermock.api.easymock.PowerMock
/compactor/src/test/java/org/apache/accumulo/compactor/CompactorTest.java,suppress,org.powermock.api.support.membermodification.MemberModifier
/compactor/src/test/java/org/apache/accumulo/compactor/CompactorTest.java,methods,org.powermock.api.support.membermodification.MemberMatcher
/compactor/src/test/java/org/apache/accumulo/compactor/CompactorTest.java,suppress,org.powermock.api.support.membermodification.MemberModifier
/compactor/src/test/java/org/apache/accumulo/compactor/CompactorTest.java,constructor,org.powermock.api.support.membermodification.MemberMatcher
/compactor/src/test/java/org/apache/accumulo/compactor/CompactorTest.java,createNiceMock,org.powermock.api.easymock.PowerMock
/compactor/src/test/java/org/apache/accumulo/compactor/CompactorTest.java,createNiceMock,org.powermock.api.easymock.PowerMock
/compactor/src/test/java/org/apache/accumulo/compactor/CompactorTest.java,createNiceMock,org.powermock.api.easymock.PowerMock
/compactor/src/test/java/org/apache/accumulo/compactor/CompactorTest.java,createNiceMock,org.powermock.api.easymock.PowerMock
/compactor/src/test/java/org/apache/accumulo/compactor/CompactorTest.java,createNiceMock,org.powermock.api.easymock.PowerMock
/compactor/src/test/java/org/apache/accumulo/compactor/CompactorTest.java,createNiceMock,org.powermock.api.easymock.PowerMock
/compactor/src/test/java/org/apache/accumulo/compactor/CompactorTest.java,createNiceMock,org.powermock.api.easymock.PowerMock
/compactor/src/test/java/org/apache/accumulo/compactor/CompactorTest.java,replayAll,org.powermock.api.easymock.PowerMock
/compactor/src/test/java/org/apache/accumulo/compactor/CompactorTest.java,verifyAll,org.powermock.api.easymock.PowerMock
/compactor/src/test/java/org/apache/accumulo/compactor/CompactorTest.java,resetAll,org.powermock.api.easymock.PowerMock
/compactor/src/test/java/org/apache/accumulo/compactor/CompactorTest.java,suppress,org.powermock.api.support.membermodification.MemberModifier
/compactor/src/test/java/org/apache/accumulo/compactor/CompactorTest.java,methods,org.powermock.api.support.membermodification.MemberMatcher
/compactor/src/test/java/org/apache/accumulo/compactor/CompactorTest.java,suppress,org.powermock.api.support.membermodification.MemberModifier
/compactor/src/test/java/org/apache/accumulo/compactor/CompactorTest.java,constructor,org.powermock.api.support.membermodification.MemberMatcher
/compactor/src/test/java/org/apache/accumulo/compactor/CompactorTest.java,createNiceMock,org.powermock.api.easymock.PowerMock
/compactor/src/test/java/org/apache/accumulo/compactor/CompactorTest.java,createNiceMock,org.powermock.api.easymock.PowerMock
/compactor/src/test/java/org/apache/accumulo/compactor/CompactorTest.java,createNiceMock,org.powermock.api.easymock.PowerMock
/compactor/src/test/java/org/apache/accumulo/compactor/CompactorTest.java,createNiceMock,org.powermock.api.easymock.PowerMock
/compactor/src/test/java/org/apache/accumulo/compactor/CompactorTest.java,createNiceMock,org.powermock.api.easymock.PowerMock
/compactor/src/test/java/org/apache/accumulo/compactor/CompactorTest.java,createNiceMock,org.powermock.api.easymock.PowerMock
/compactor/src/test/java/org/apache/accumulo/compactor/CompactorTest.java,createNiceMock,org.powermock.api.easymock.PowerMock
/compactor/src/test/java/org/apache/accumulo/compactor/CompactorTest.java,replayAll,org.powermock.api.easymock.PowerMock
/compactor/src/test/java/org/apache/accumulo/compactor/CompactorTest.java,verifyAll,org.powermock.api.easymock.PowerMock
/start/src/test/java/org/apache/accumulo/start/classloader/vfs/AccumuloVFSClassLoaderTest.java,setInternalState,org.powermock.reflect.Whitebox
/start/src/test/java/org/apache/accumulo/start/classloader/vfs/AccumuloVFSClassLoaderTest.java,setInternalState,org.powermock.reflect.Whitebox
/start/src/test/java/org/apache/accumulo/start/classloader/vfs/AccumuloVFSClassLoaderTest.java,setInternalState,org.powermock.reflect.Whitebox
/start/src/test/java/org/apache/accumulo/start/classloader/vfs/AccumuloVFSClassLoaderTest.java,setInternalState,org.powermock.reflect.Whitebox
/start/src/test/java/org/apache/accumulo/start/classloader/vfs/AccumuloVFSClassLoaderTest.java,setInternalState,org.powermock.reflect.Whitebox
/start/src/test/java/org/apache/accumulo/start/classloader/vfs/AccumuloVFSClassLoaderTest.java,setInternalState,org.powermock.reflect.Whitebox
/start/src/test/java/org/apache/accumulo/start/classloader/vfs/AccumuloVFSClassLoaderTest.java,setInternalState,org.powermock.reflect.Whitebox
/start/src/test/java/org/apache/accumulo/start/classloader/vfs/AccumuloVFSClassLoaderTest.java,setInternalState,org.powermock.reflect.Whitebox
/start/src/test/java/org/apache/accumulo/start/classloader/vfs/AccumuloVFSClassLoaderTest.java,setInternalState,org.powermock.reflect.Whitebox
/start/src/test/java/org/apache/accumulo/start/classloader/vfs/AccumuloVFSClassLoaderTest.java,setInternalState,org.powermock.reflect.Whitebox
/start/src/test/java/org/apache/accumulo/start/classloader/vfs/AccumuloVFSClassLoaderTest.java,setInternalState,org.powermock.reflect.Whitebox
/start/src/test/java/org/apache/accumulo/start/classloader/vfs/AccumuloVFSClassLoaderTest.java,setInternalState,org.powermock.reflect.Whitebox
/start/src/test/java/org/apache/accumulo/start/classloader/vfs/AccumuloVFSClassLoaderTest.java,setInternalState,org.powermock.reflect.Whitebox
/start/src/test/java/org/apache/accumulo/start/classloader/vfs/AccumuloVFSClassLoaderTest.java,getInternalState,org.powermock.reflect.Whitebox
/start/src/test/java/org/apache/accumulo/start/classloader/vfs/AccumuloVFSClassLoaderTest.java,getInternalState,org.powermock.reflect.Whitebox
/start/src/test/java/org/apache/accumulo/start/classloader/vfs/AccumuloVFSClassLoaderTest.java,setInternalState,org.powermock.reflect.Whitebox
/start/src/test/java/org/apache/accumulo/start/classloader/vfs/AccumuloVFSClassLoaderTest.java,setInternalState,org.powermock.reflect.Whitebox
/start/src/test/java/org/apache/accumulo/start/classloader/vfs/AccumuloVFSClassLoaderTest.java,setInternalState,org.powermock.reflect.Whitebox
/start/src/test/java/org/apache/accumulo/start/classloader/vfs/AccumuloVFSClassLoaderTest.java,setInternalState,org.powermock.reflect.Whitebox
/start/src/test/java/org/apache/accumulo/start/classloader/vfs/AccumuloVFSClassLoaderTest.java,getInternalState,org.powermock.reflect.Whitebox
/start/src/test/java/org/apache/accumulo/start/classloader/vfs/AccumuloVFSClassLoaderTest.java,getInternalState,org.powermock.reflect.Whitebox
/start/src/test/java/org/apache/accumulo/start/classloader/vfs/AccumuloVFSClassLoaderTest.java,setInternalState,org.powermock.reflect.Whitebox
